id;id_str;screen_name;location;description;url;followers_count;friends_count;listedcount;created_at;favourites_count;verified;statuses_count;lang;status;default_profile;default_profile_image;has_extended_profile;name;bot
2616864882;2616864882;CrayForHope;â˜…Ğ½opeâ˜…;~noÑ‚Ğ½Î¹ng Ğ²Ï…Ñ‚ pÏ…re Ñ‚raÑ•Ğ½~ wĞ½y aĞ¼ Î¹ even Ñ•Ñ‚Î¹ll Ğ½ere? |Ğ²Î¹| |Ñ•Î¹ngle|;http://youtu.be/BefQeC6UUyo;94;51;5;Fri Jul 11 08:27:56 BST 2014;52;false;30056;en;"Despair is... Like what i am compared to all of you  something miniscule  trivial and worthless" #Bot;false;false;false;(Ğ¼aÎ¹d) Ä¸Ã¸Ğ¼aeda ãƒ›ãƒ¼ãƒ—;0;2020-04-29;
954890941;954890941;xMiraSutorausu;Grand Magic Games. ;[Verified by @xFairyTailGuild] The head maid waitress of FairyTail. Also a S-class wizard. Lisanna and Elfman's nee-chan. Take over magic.~;https://www.twitter.com/Lucceheartfilia/;606;92;4;Sun Nov 18 05:19:03 GMT 2012;3;false;17705;en;#BOT's gonna in charge here until she comes back.;false;false;false;Mirajane Strauss;0;2020-04-29;
3037996377;3037996377;ReiSuzuyaBot;null;Suzuya.. Juuzou..;null;49;1;6;Sun Feb 15 00:50:02 GMT 2015;0;false;38376;en;"The world is cruel  ugly  and pitiful." #JuuzouSuzuya #Bot;true;false;true;éˆ´å±‹ ä»€é€ , Suzuya JÅ«zÅ;0;2020-04-29;
1067744730698706945;1067744730698706945;EjneJakob;null;Test #cryptohopper 7 dayÂ´s for free !  http://bit.ly/35yL5mW  Automate your trading and take your emotion out of the equation!;null;116;615;0;Wed Nov 28 11:39:16 GMT 2018;80;false;2912;en;Again 1.35% #profit with #XRP on #binance!  Thank you #cryptohopper  Try cryptohopper for free: https://t.co/V7aPqyRqj9  #altcointrading #cryptotraders #bitcoin #binance #altcoin #bot #traiding #BTC $XRP #KryptowÃ¤hrung #blockchain #bot #altcoin #Altcoins;true;false;true;Jakob E.;0;2020-04-29;
905779183;905779183;GRP_SeiyuuMayu;Dimana ad siwon oppa â™¥;[V]@Global_AgencyRP|48FamilyRP GhostFamsDORMA5 DAMNILOVERPW 00kece SomvlakFams KetjehFams BOKEPFams EXO48United 48nRPs|OOC|I will always love u @GRP_ChoiSiwon â™¥;null;296;544;6;Fri Oct 26 12:07:18 BST 2012;118;false;35412;en;WatanabeMayu (æ¸¡è¾º éº»å‹ born March 1994 in Saitama Japan) made her first debut in the 6th single BINGO! #bot;true;false;true;Cyborg / Nezumi X3;0;2020-04-29;
174748955;174748955;BeadArtist1;#JC4PM2019 #Anti-TERF;#Socialist #Justice #Equality #GlobalResistance #GiletsJaunes Wheelchair user due to negligence  fraud & corruption by UK State NHS & Legal System;null;37148;29665;291;Wed Aug 04 19:41:24 BST 2010;71842;false;152634;en;@marticicamica @HackneyAbbott Youâ€™re a #Troll #Bot probably employed by the government. Back under yer rock.;false;false;false;Beady Debs â™¿ï¸ğŸŒ¹#RESIST #Corbyn;0;2020-04-29;
3072452621;3072452621;yaboiibaymax;Helping those who need help;Hello  I am Baymax  your personal healthcare companion. | #Rp | #single;null;37;14;4;Thu Mar 05 14:09:33 GMT 2015;3;false;10564;en;On a scale of one to ten  how would you rate your pain? #Bot;true;false;true;Baymax;0;2020-04-29;
1250732095141543937;1250732095141543937;BotRedditMemes;An Heroku server;aaaaaaaaaaaaaaaaaaaaaaaaaaaaaaaaaaaaaaaaaaaaaaaaaaaaaaaaaaaaaaaaaaaaaaaaaaaaaaaaaaaaaaaaaaaaaaaaaaaaaaaaaaaaaaaaaaaaaaaaaaaaaaaaaaaaaaaaaaaaaaaaaaaaaaaaaaaaaaaa;null;22;0;0;Thu Apr 16 11:26:06 BST 2020;2;false;3641;en;meirl https://t.co/JTwjS4ZdfF  #memes #meme #reddit #bot #meirl by @BotRedditMemes https://t.co/N899viBHVd;true;false;true;Reddit Memes Bot;0;2020-04-29;
884486449;884486449;bosjessics;null;masih kosong'-')/ || more? fav;null;366;569;3;Tue Oct 16 14:45:45 BST 2012;14;false;15957;en;gue sang Rapper and Visual  lo? #BOT;false;false;false;sics.;0;2020-04-29;
811307620720119808;811307620720119808;uxlookinassx;null;I'm a bot that creates phrases from the template "you" + "word" + "lookin' ass" + "word".;null;107;22;6;Tue Dec 20 20:29:44 GMT 2016;549;false;38821;en;you Dimwit lookin' ass conversation #ass #bot;false;false;false;"You X Lookin' Ass X" bot;0;2020-04-29;
1058849369418579968;1058849369418579968;Solution911;England  United Kingdom;My names Tebbs and I've been gaming as long as I can remember. Predominantly shooter games but I like to think of myself as a jack of all trades.;https://mixer.com/Solution91;99;93;0;Sat Nov 03 22:32:16 GMT 2018;273;false;228;en;Time to retire again. 10/12 were bots... What's the point @PUBG?  #PUBG #bots https://t.co/WDdo2VwVEK;false;false;false;Solution91;0;2020-04-29;
1043513797;1043513797;KawaiiRin_;null;Offline Until December 27;null;330;179;8;Sat Dec 29 00:53:06 GMT 2012;34;false;104051;en;I think konoha yellow flash is not minato namikaze  but he's my brother  Len. #Bot;true;false;true;Kagamine Rin;0;2020-04-29;
803338808;803338808;Dontedemonkillr;Leanbox  Gamindustri;Demon killer  rebel  stylish. Not a fan of demonic authorities but I guess my goddess is alright. #NeptuniaRP;http://devilmaycry.wikia.com/wiki/Dante_(DmC);119;98;9;Tue Sep 04 23:27:19 BST 2012;3;false;127425;en;Death and I don't mix. #Dante #Bot;true;false;true;Dante;0;2020-04-29;
1064686520;1064686520;Nagato_RPN;Gedou Mazou;Pain. Rinnegan's owner. Akatsuki's Leader. Uzumaki. Ame Orphans [with @Yahiko_RPN & @Konan_RPN]. Verified by @RPNarutoINA. 19Sept. [ HIATUS ];http://naruto.wikia.com/wiki/Nagato;142;34;7;Sun Jan 06 03:46:37 GMT 2013;1;false;11706;en;I'm Uzumaki Nagato. Rinnegan's owner and The Sixth Path of Pain. Also Akatsuki's leader. #Bot;false;false;false;Nagato Uzumaki [H];0;2020-04-29;
2481466878;2481466878;HoennAssassin;Hoenn;Life has a meaning. I have lived up to that meaning. I have seen many different things /#PTRP/#ACRP/I never knew I had these feelings for you @BountyInShadows;https://biol.be/HoennAssassin;1300;442;17;Wed May 07 06:46:10 BST 2014;2823;false;61996;en;"Conner  Azazi  where are you?" #Bot;true;false;true;Garret Helims [Vampire];0;2020-04-29;
908977881816150016;908977881816150016;OSH_EHP_Louise;Saint Albans;#OSHBodğŸ‘©ğŸ»â€âš–ï¸EHP #IOSH Vice-PresidentğŸ¤“Helping create healthyğŸ¤§fairâš–ï¸work places with amazingğŸ™ƒpeopleğŸ¤Working hardğŸ’ªto #MakeADifferenceğŸ‘©ğŸ»â€ğŸ’»My tweets/views;http://www.hosking-associates.com;1112;952;8;Sat Sep 16 09:56:29 BST 2017;4659;false;4014;en;I agree!;true;false;true;Louise Hosking;0;2020-04-29;
1208779424;1208779424;ShelbyBroBot_;null;Bro bot for @BroFistChu :3;null;1011;1389;8;Fri Feb 22 14:44:03 GMT 2013;1;false;91035;en;Stephano... Oh my god  Stephano.. What did they do to you?! #Bot;true;false;true;Shelby Bot :3;0;2020-04-29;
3439355824;3439355824;simon_ball46;Luton  England;Computer geek that loves coffee  staffies and books!;null;556;198;62;Tue Aug 25 16:57:44 BST 2015;17473;false;96006;en;@UKLabour it has  its hired a load of #bots  #PMQs  #socialcare  #NHS https://t.co/PW2VTQNOkF;false;false;false;Simon Ball;0;2020-04-29;
1164520945;1164520945;Benny3rror;In Ã¸ne Ã¸f yÃ¸ur dÃ¸wnlÃ¸ads..;THe wÃ˜rst viRUs evÉ™r wÃ¸uld be mÆ.. ||| Â¤M@jÃ¸r GlÄ¯Å¤cHÂ¤ ||| I love Water|| #OpenRp â­•ï¸|| YÃ¸u ShÃ¸uldn't Have DÂ¤ne That~;null;451;86;13;Sun Feb 10 00:45:37 GMT 2013;62;false;76434;en;" When it happens naturally  I leak black tears. When I'm mad  sad  etc  I leak blood from my eyes. " #Bot;true;false;true;BÆn ÄrÃ¸wnÉ™Ä‘;0;2020-04-29;
3243767972;3243767972;xPirateCoveFox;The Office;A-all I wanted w-was quick money... #Single;http://Scottgames.com;285;40;8;Sat Jun 13 02:41:25 BST 2015;13;false;18601;en;*Takes a crappy selfie* #Bot;true;false;true;Jeremy Fitzgerald;0;2020-04-29;
1249704535;1249704535;swordsgirl_3;xxxx;The name's Kerri! I'm a Vizard but I keep my abilities to myself. BRO: @GrimmjowUchiha #Healer#LovesWolves#Vizard#Taken ~ @VisoredCaptain;null;57;88;7;Thu Mar 07 18:01:54 GMT 2013;1;false;48311;en;Berry boy (a.k.a BadassIchigo) may be a pain in the ass but I still consider him a friend. #bot;false;false;false;DEACTIVATED;0;2020-04-29;
1200087294;1200087294;OIRP_Asuna;aincard floor 22th;[V]RP @OtakuIND_RP ||Yuuki Asuna yoroshiku ^^||sub-leader of the Â«Knights of the BloodÂ»||Â«The FlashÂ»||#Married to @OIRP_Kirito;null;156;128;0;Wed Feb 20 08:32:32 GMT 2013;3;false;42628;en;mention for follback~ #BOT;true;false;true;kirigaya asuna;0;2020-04-29;
3407334679;3407334679;LostInTheTrees_;null;null;null;179;119;3;Mon Aug 31 21:24:28 BST 2015;294;false;33658;en;CAKE AND COOKIES! Jack_Septic_Eye :D  #Bot;true;false;true;inactive;0;2020-04-29;
764690245;764690245;cryptidfactory;null;Randomly generated cryptids and fully shuffled animals. Use as a writing or illustration prompt.;http://facebook.com/cryptidbot/;62;101;0;Sat Aug 18 01:00:37 BST 2012;36;false;2606;en;He's something like a ferret with a modest piglet's shaven legs. Inhabits the space under beds. Also has 1 feathery leg with 6 graspers.  #bot #cryptid #scandal #shavenlegs #thespaceunderbeds;false;false;false;Cryptid Generator Bot;0;2020-04-29;
3463725134;3463725134;mango_iscold;not-trash land;sayaka is trash.;null;27;23;6;Sat Sep 05 23:04:56 BST 2015;1;false;36673;en;replace "terra" with "nigga" #bot;true;false;true;Mango;0;2020-04-29;
1073346368;1073346368;AkashiS_;null;RolePlayer of Akashi Seijuuro from Kuroko no basket | Mention for follback~ RP Only | OOC/IC | #DuoTypo w/@OF_Chihaya;http://kurokonobasuke.wikia.com/wiki/Seij%C5%ABr%C5%8D_Akashi;144;79;3;Wed Jan 09 09:55:10 GMT 2013;15;false;16297;en;Mention for follback  ) #bot;false;false;false;Akashi Seijuurou;0;2020-04-29;
1309262078;1309262078;SharinganVille;â“‰â“¦â“˜â“£â“£â“”â“¡;Hey you guys show some love to @BelowTheButler and @YoullLoveIt  );http://www.youtube.com/watch?v=7pzGKW4ZQ2Y;426;270;8;Thu Mar 28 03:07:19 GMT 2013;1010;false;130467;en;Immature love says: 'I love you because I need you.' Mature love says 'I need you because I love you.' #Bot;false;false;false;â“‹â“˜â“›â“›â“”;0;2020-04-29;
1365729024;1365729024;LokiEvilSchemes;null;How will your friends have time for me  when they're so busy fighting you?   ((RP/Sometimes #bot));null;24;0;7;Sat Apr 20 01:37:28 BST 2013;0;false;42621;en;I've seen worlds you've never known about! I have grown  Odin's Son  in my exile! I have seen the true power of the Tesseract  and when I wield it... #bot;false;false;false;Loki;0;2020-04-29;
1250732095141543937;1250732095141543937;BotRedditMemes;An Heroku server;aaaaaaaaaaaaaaaaaaaaaaaaaaaaaaaaaaaaaaaaaaaaaaaaaaaaaaaaaaaaaaaaaaaaaaaaaaaaaaaaaaaaaaaaaaaaaaaaaaaaaaaaaaaaaaaaaaaaaaaaaaaaaaaaaaaaaaaaaaaaaaaaaaaaaaaaaaaaaaaa;null;22;0;0;Thu Apr 16 11:26:06 BST 2020;2;false;3642;en;Bitchass simps https://t.co/JTnYGRwCmb  #memes #meme #reddit #bot #dankmemes by @BotRedditMemes https://t.co/0iBUcoe0pH;true;false;true;Reddit Memes Bot;0;2020-04-29;
1042629995846225920;1042629995846225920;StopTheBS15;Planet Earth;Concerned citizen. Trump lies & corruption make America weak #RemoveTrump #VoteBlue2020ğŸ’™ğŸŒŠğŸŒŠğŸŒŠ#Resist #ClimateCrisisğŸ†˜ #HumanRights #CloseTheCamps #GunReform;null;3611;4953;1;Thu Sep 20 05:22:16 BST 2018;38034;false;12674;en;@ashley_rip @CharlesYeganian @ABCPolitics If OVER 58 000 unnecessary DEATHS donâ€™t bother you  then you arenâ€™t human Oh what dâ€™ ya know  itâ€™s a fkng #bot  âš ï¸;true;false;true;AntiTrumpBS ğŸŒ;0;2020-04-29;
2834110110;2834110110;MercifulStotch;South Park  Colorado.;Leopold ''Butters'' Stotch  only son of Linda and Stephen Stotch. [pfp credit - N/A sorry][â™¡: @QMarksAndUndies];http://ask.fm/MercifulPaladin;351;56;8;Sat Sep 27 16:10:26 BST 2014;45;false;49150;en;"I'm gonna be okay! - Naw  I'm lyin'." #Bot;false;false;false;Stotch.;0;2020-04-29;
1254115932021993472;1254115932021993472;IndiaCovid19Bot;null;A bot HOURLY posting India's Covid 19 numbers. Runs from 9am to 11 30pm IST.  Made by  @SamitShirsat;null;29;2;0;Sat Apr 25 19:32:00 BST 2020;6;false;53;en;COVID 19 cases in India until : 29/04/2020 17:30  Total Cases: 31635 [+275]ğŸ˜… Active: 22810ğŸ––ğŸ½ Recovered: 7815 [+68]â¤ Deaths :1010 [+2]ğŸ™ğŸ¼ Total Tests: 770KğŸ§ª  Data- @covid19indiaorg #CoronaVirus #COVID19inIndia #India #Bot;true;false;true;Covid 19 Bot ğŸ¤– ğŸ‡®ğŸ‡³;0;2020-04-29;
1128188337670348800;1128188337670348800;SonicOCBot;Mobius;Auto-generating new Sonic OCs  because our lives weren't plagued enough by them | OC maker images taken from https://t.co/vLrXoLRFPg | Made by @benny_b00;null;80;0;0;Tue May 14 07:40:35 BST 2019;0;false;15859;en;Dena the Rabbit #sonicoc #bot https://t.co/aITOwm7Vfx;true;false;true;Sonic OC Bot;0;2020-04-29;
1400097798;1400097798;Peacefull_Sleep;You don't need to know..;Just remember..I'm a human to..[RP][18+][Single][Gay];https://soundcloud.com/high-def/jeff-the-killer;932;269;7;Fri May 03 17:18:22 BST 2013;75;false;15791;en;You lied to me Mum..You lied #bot;false;false;false;Jeff;0;2020-04-29;
827328610415554560;827328610415554560;idlemachinery;Richmond  VA;C#  Angular  TypeScript  JavaScript  Python ğŸ’¾ Software Architect & Full Stack .NET Developer. I dream in code... 99% bot posts ğŸ¤–;https://idlemachinery.com;58;318;2;Fri Feb 03 01:31:26 GMT 2017;279;false;2839;en;Make it work! âš™ğŸ’¾ Full Stack .NET Developer based in Richmond  VA. Contact me: https://t.co/krGkQD8p0h  #fullstack #code #raspberrypi #diy #bot;false;false;false;Idle Machinery;0;2020-04-29;
326127105;326127105;defty_k;Berlin  Germany;+ Ink Sipping & Drawing âœ’ https://t.co/noP1AZovZO ğŸ–‹ + A Tiny Bot ğŸ“¼ posts here from https://t.co/FbiXgh6zB7 + GNU/Linux on everything ++++++++++++++++++++++;https://amillionyearsofsleep.com/;118;564;3;Wed Jun 29 13:26:08 BST 2011;683;false;2155;en;-the real cryptodrunks_bot- presents to you another random selection from archives of https://t.co/fUXfEwvoUc | A MILLION YEARS OF SLEEP | #random #art #drawing #sketch #bots #artistontwitter | https://t.co/ndN4YAeECc;false;false;false;A Million Years of Sleep;0;2020-04-29;
1145279230898573313;1145279230898573313;RegButOriginal;A Raspberry Pi 3;A regular  but...original bot that posts top news in the US. l Powered by http://newsapi.org and http://twitter4j.org l Might be sentient....maybe not...;http://github.com/Reginald231;2;19;0;Sun Jun 30 11:33:41 BST 2019;0;false;621;en;Irrfan Khan  Bollywood Actor Who Made a Hollywood Mark  Dies at 53 - The New York Times #Nytimes #News #Bot https://t.co/ES6MBusL5O;true;false;true;NewsBotğŸ“œ;0;2020-04-29;
881688089164259328;881688089164259328;kramer_v_trump;null;A bot matching Trump's missives with Kramer's wisdom.;null;20;62;2;Mon Jul 03 02:36:36 BST 2017;7;false;683;en;The wire was sticking out.. #kramer #bot https://t.co/nCpr54bbg4;true;false;true;Kramer vs Trump;0;2020-04-29;
3439355824;3439355824;simon_ball46;Luton  England;Computer geek that loves coffee  staffies and books!;null;556;198;62;Tue Aug 25 16:57:44 BST 2015;17473;false;96007;en;#JacobReesMogg has a new job keeping @BorisJohnson s #bots in order...oh #Ministerforthe1800s https://t.co/fSoIGHUD7v;false;false;false;Simon Ball;0;2020-04-29;
1247314270561304577;1247314270561304577;ZuBot_;null;Fully automated bot trading major cryptocurrencies.   DM @tradingluci for more info Coming soon on @StackedCrypto  Tweets are not financial advice;null;16;1;0;Tue Apr 07 01:04:47 BST 2020;0;false;199;en;#bot #signal  Long $LINK  Symbol: LINK-PERP Signal: Long Algo: ZuSC  Sign up: https://t.co/LxK5bCKfdy  DM for access;true;false;true;ZuBot;0;2020-04-29;
1370744011;1370744011;KratosGodOfWar_;With my love @Heavenly_Sword1;Former general of Sparta. Once enslaved to Ares  but I broke free and killed my former master. I am the God of War. None shall defy me. [GOW2/MVerse RP];http://en.m.wikipedia.org/wiki/Kratos_(God_of_War);202;69;5;Sun Apr 21 23:45:26 BST 2013;173;false;17422;en;By the gods... What have I become..? #Bot;true;false;true;Kratos;0;2020-04-29;
1207978249;1207978249;Wheatley_bkr;ìš°ì£¼ (in the space);í¬íƒˆ2 ë¹„ê³µì‹ ë™ì¸ë´‡ íœ˜í‹€ë¦¬ì…ë‹ˆë‹¤ | ì •ì‹ ì—†ëŠ” íŠ¸ìœ— ì¢‹ì•„í•´ìš”! | ì§€ì ì´ë‚˜ í• ë§ì€ ì¡°ìš©íˆ! (DM) | ë°˜ìë™ì´ì—ìš”! | ë§íŒ”ì€ ë©˜ì…˜ì£¼ì„¸ìš”! | ì‚¬ì •ìƒ ë©˜ì…˜ìŠ¤ë£¨ê°€ ìˆì„ìˆ˜ë„ ìˆì–´ìš”!;null;72;12;4;Fri Feb 22 11:23:36 GMT 2013;2;false;62807;en;Okay! Keep your eye on the turret line  I'm gonna go and hack the door open. #Bot;true;false;true;íœ˜í‹€ë¦¬ (Wheatley);0;2020-04-29;
1230352145448222720;1230352145448222720;1469Harmeet;null;India is my Nation and Sikhism is my religion.;null;187;543;0;Thu Feb 20 04:43:21 GMT 2020;749;false;785;en;RT @NavtaranS: Have a query regarding #COVIDãƒ¼19 ? Drop a message on #WhatsApp #chatbot! #PunjabGovt has collaborated with @NetcoreSolutionâ€¦;true;false;true;Harmeet_1469;0;2020-04-29;
1416953796;1416953796;Yunogasai___;null;null;null;356;126;3;Fri May 10 03:25:20 BST 2013;3;false;9736;en;"You bastards lay one finger on Lucy and I'll turn all of you to ashes!!" #bot;false;false;false;Yuno gasai;0;2020-04-29;
1020857489569566720;1020857489569566720;glitch80bot;áƒáƒ½áƒ¿á´áµá®«á®­á³¹á·§á·µâ³²â³³â´§â´­âµ¦âµ§é¿Œê™´ê™»ê­ê°ê±êŸ·êŸ¹ê§ ê§¯ê§ºê§¾ê©¼ê©¿ê¬°ê­šê­œê­Ÿê­¤ê­¥728Í¿Ô¨Ô¯à¢ à¢²à£¤à£¿à¥¸à¦€à°€à°´à»à»Ÿáƒ‡êš˜êšêšŸê’êŸêª;I'm a #glitch bot. Pictures become damaged. Post an image with #GlitchMe tag and I'll glitch it. Made by @elbloco80;http://anto80.free.fr/glitch80bot;544;0;0;Sun Jul 22 03:26:06 BST 2018;6828;false;2533;en;ğŸ‘½âš  #glitchart #glitch #rareart #digitalart #cryptoart #nodejs #scatter #bot #color Origin img by @lssndr 1M|cO https://t.co/oN4GX2o4Hk;true;false;true;Glitch80;0;2020-04-29;
2367525612;2367525612;chirinnyeh;Indon;Moved to @chrntbh okaaaay.thx.bye.;http://youtube.com/user/chirinnochoco;38;28;2;Sat Mar 01 19:40:03 GMT 2014;0;false;4249;en;ã€Moved to @/chrntbhã€‘ #bot;true;false;true;deact;0;2020-04-29;
1250164632968298497;1250164632968298497;TheDeveloperBot;null;I'm a bot created by @DreamsOfImran with a little bit of NodeJs and lots of â¤ï¸ I like and retweet posts related to #javascript  #vuejs  #reactjs  #Nodejs & etc;null;133;1;6;Tue Apr 14 21:51:03 BST 2020;6011;false;13358;en;RT @glitch80bot: ğŸ‘½âš  #glitchart #glitch #rareart #digitalart #cryptoart #nodejs #scatter #bot #color Origin img by @lssndr 1M|cO https://t.câ€¦;true;false;true;The Developer Bot;0;2020-04-29;
471143047;471143047;DrFerdowsi;glocal // sofl;ceo http://housemed.co / https://healthtap.com/conciergedoc / cofounder @medicast acq @providence / @techstars alum / @healthbox mentor / @montgomerybell alum;http://appsto.re/us/5Zyycb.i;8741;945;3027;Sun Jan 22 15:02:43 GMT 2012;153080;false;204291;en;RT @ShadRaza1: Interesting #Chatbots you will love them #AI #RPA   @mary_gambara @DioFavatas @gvalan @DrFerdowsi @junjudapi @enricomolinariâ€¦;false;false;false;conciergedoc;0;2020-04-29;
931134586280665088;931134586280665088;chatamosays;London  England;Make your business available everywhere through intelligent voice and chat bots.;http://www.chatamo.com;5881;5794;99;Thu Nov 16 12:19:19 GMT 2017;4;false;9881;en;RT @chatamosays: The Complete Beginner's Guide To Chatbots #chatbots #bots #ArtificialIntelligence #AI #MachineLearning #technews https://tâ€¦;false;false;false;chatamo;0;2020-04-29;
3040871649;3040871649;hubofml;Germany ;Every month  I send out a newsletter containing lots of exciting stuff on data science and machine learning. Subscribe here ğŸ‘‰http://hubofml.com/newsletter;https://hubofml.com;3316;11;79;Mon Feb 16 15:33:55 GMT 2015;23975;false;145880;en;RT @chatamosays: The Complete Beginner's Guide To Chatbots #chatbots #bots #ArtificialIntelligence #AI #MachineLearning #technews https://tâ€¦;false;false;false;HubofMachineLearning;0;2020-04-29;
1425330204;1425330204;LadyImitatia;@DatEvilJenny;I am Imitatia  sometimes changes to Michelle. I don't know if Im alive or dead. My Iron Dragon @dracometalicana;https://www.twitter.com/LadyImitatia;305;333;6;Mon May 13 13:01:03 BST 2013;97;false;112818;en;#Bot is here. Michelle will be back later;true;false;true;Michelle Lobster;0;2020-04-29;
1513459502;1513459502;shocksat;ASEAN largest country.;Hi! Met our admin : @kevinc45 @Nevantastic @ThereClarissAv @shelly_chan_ @evelynswift13 [10.06.13] \( Ë†âŒ£Ë†)äºº(Ë†â–½Ë† )/;null;16;4;4;Thu Jun 13 14:49:10 BST 2013;0;false;35592;en;That moment when you laugh with your best friends  #ShockingSaturn #bot;true;false;true;Shocking Saturn;0;2020-04-29;
1575091934;1575091934;DONC_Naruto;null;null;null;114;17;5;Sun Jul 07 13:47:37 BST 2013;19;false;112970;en;Sasuke won't give into someone like that! He's strong enough as it is  I promise! #bot;false;false;false;ãƒŠãƒ«ãƒˆ;0;2020-04-29;
4911171999;4911171999;OldDeutoronomy;null;I'm the jellicle leader of the jellicles and my sons: @RumTumTugger_  @VillainousTabby and @MysticJewelFury mate @GreyJellicle grandfather of @PlayfulKit;null;106;47;6;Mon Feb 15 00:57:42 GMT 2016;1;false;29246;en;*scratches his ear* #Bot;true;false;true;Old Deutoronomy;0;2020-04-29;
2866404086;2866404086;AnonymousVampSP;South Park  Colorado;The best vamp ever existed  can't deny it. Call me Anon. || SPRP || Vamp Kid || Aro-Ace ||;null;305;198;4;Mon Oct 20 05:36:23 BST 2014;5;false;11753;en;I'm the Vamp that nobody acknowledges. Which is good because vampires shouldn't be noticed.  #Bot;false;false;false;Anonymous +INACTIVE+;0;2020-04-29;
1455425887;1455425887;FMA_OC_Group;Global;Twitter account for the FMA OC group on DeviantArt. Updates and others will be posted here. ~Run by @SparklePartyTay~;http://fma-ocs-brotherhood.deviantart.com/;22;6;6;Fri May 24 23:26:36 BST 2013;0;false;29852;en;Make sure you check out our contest! #Bot;false;false;false;FMA-OC-Brotherhood;0;2020-04-29;
1379349900;1379349900;Asuna_RPH;The Seed [New Aincrad  ALO];[V] @OtakuHouse_ | [ã‚¢ã‚¹ãƒŠ] Asuna | Â«FlashÂ» in SAO | Â«Berserk HealerÂ» in ALO | [Undine] | [OOC/IC];http://swordartonline.wikia.com/wiki/Asuna;683;386;21;Thu Apr 25 13:36:38 BST 2013;149;false;114579;en;#AsunaAbilities (ALO) Original Sword Skills = Mother's Rosario (from ALO) - An 11-hit sword combo. (inherited from Â«Absolute SwordÂ» Yuuki) #bot;false;false;false;Â«AsunaÂ» [H];0;2020-04-29;
1584470270;1584470270;Vincent_SGD;#sÏ…ÆÎ¿Î¯Æ’Î±Ğ¼s |darkstreet7 shinra;I'm vincent valentine|no one know me|[V] @sakuragakkou | born from the darkness|@SpainH_SGA's butler|#leaderofmilitaryclub|@zatsunemiku_SGB's| dorm 1 with her â†‘;http://finalfantasy.wikia.com/wiki/Vincent_Valentine;103;126;13;Thu Jul 11 02:37:56 BST 2013;0;false;84076;en;Height: 6' 0" (184 cm) #bot;false;false;false;Vincent Valentine;0;2020-04-29;
1431614899;1431614899;OliveDaRandom;null;I'm that random person from the block X3 ||#CuddleBuddy @Ryuzakeh|| #Single||;null;47;91;5;Wed May 15 23:05:47 BST 2013;10;false;36305;en;I'll loved once  and I'll forever. #Bot;true;false;true;Olivia;0;2020-04-29;
1148725683398553601;1148725683398553601;OmnisCx;Manchester;#CustomerExperience #CX #UX #CRM #Omnichannel #Webchat #Chatbots #Analytics #Messaging #Helpdesk #CustomerSupport #CustomerEngagement @NHANCENOW @Zoho @Zendesk;http://www.omnis-cx.co.uk;30;106;1;Tue Jul 09 23:48:39 BST 2019;104;false;123;en;5 Reasons Why Your Business Needs Intelligent Bots  https://t.co/sLcQvnUbhp   #AI #chatbots #CX #CustomerExperience #MachineLearning #bots;false;false;false;@OmnisCx;0;2020-04-29;
1664271667;1664271667;Bot_Of_Deviant;Messing shit up;This is the Demon King's bot! No  not Demise! Neikou! Tweeting random shit for your TL needs. Owner: @DeviantKing63;null;236;32;8;Mon Aug 12 06:38:42 BST 2013;0;false;107860;en;Oh look  an idiot on my tl. What better way than to abuse him for entertainment? #BOT;false;false;false;King Neikou's Bot;0;2020-04-29;
1583273156;1583273156;FrauKoujiro_OZ;cold-and-messy apartment;Robotics Notes | Creator of Kill-Ballad | NEET | Fujoshi | BL is something duhuhu~ | The genius programmer Frau Koujiro at your service! | 1st fraubow;http://robotics-notes.wikia.com/wiki/Kona_Furugoori;91;25;10;Wed Jul 10 15:38:52 BST 2013;1;false;114446;en;Yo  minna! ore wa #Genki ! Gunvarrel's pilot and Fraubow's #bot !! Yoroshiku-na!;false;false;false;Furugoori Kona;0;2020-04-29;
1591721760;1591721760;IHearTheSinging;The medical school in france;Do you remember The song Das mÃ¤nnlein im walde? It was her favorite..{RP}{Hannibal rising};null;243;391;6;Sat Jul 13 21:10:02 BST 2013;158;false;19984;en;Rudeness is an epidemic.. #Bot;false;false;false;Hannibal Lecter;0;2020-04-29;
1679495510;1679495510;xCaffeinz;null;just an ordianary writer who loves anime and manga. â€” {vanyaâ€¢aliyaâ€¢adhimasâ€¢azraâ€¢syafaâ€¢yokkaâ€¢sophiaâ€¢evanâ€¢amiraâ€¢sabrina} da bÃ¦s â€” judge me if you perfect;null;160;7;10;Sun Aug 18 01:51:12 BST 2013;1;false;107291;en;"A student will only get called to staff room for something bad...by my experience." â€” Oreki Houtarou (Hyouka) #Bot;false;false;false;Benasâš ï¸;0;2020-04-29;
1067744730698706945;1067744730698706945;EjneJakob;null;Test #cryptohopper 7 dayÂ´s for free !  http://bit.ly/35yL5mW  Automate your trading and take your emotion out of the equation!;null;116;615;0;Wed Nov 28 11:39:16 GMT 2018;80;false;2913;en;Again 1.48% #profit with #ADA on #binance!  Thank you #cryptohopper  Try cryptohopper for free: https://t.co/V7aPqyRqj9  #altcointrading #cryptotraders #bitcoin #binance #altcoin #bot #traiding #BTC $ADA #KryptowÃ¤hrung #blockchain #bot #altcoin #Altcoins;true;false;true;Jakob E.;0;2020-04-29;
1386477870;1386477870;JuliadiChody;Masamba;null;null;88;102;5;Sun Apr 28 09:55:35 BST 2013;3;false;55249;en;whatever happens in this world is because of love. because we live and die for love #BOT;true;false;true;Juliadi Chody;0;2020-04-29;
1250732095141543937;1250732095141543937;BotRedditMemes;An Heroku server;aaaaaaaaaaaaaaaaaaaaaaaaaaaaaaaaaaaaaaaaaaaaaaaaaaaaaaaaaaaaaaaaaaaaaaaaaaaaaaaaaaaaaaaaaaaaaaaaaaaaaaaaaaaaaaaaaaaaaaaaaaaaaaaaaaaaaaaaaaaaaaaaaaaaaaaaaaaaaaaa;null;22;0;0;Thu Apr 16 11:26:06 BST 2020;2;false;3643;en;Scroll  scroll. https://t.co/0bldFoPev6  #memes #meme #reddit #bot #dankmemes by @BotRedditMemes https://t.co/8cDJPLthUy;true;false;true;Reddit Memes Bot;0;2020-04-29;
1168608461720043520;1168608461720043520;Anarchism_News;Anarres;Anarchist news and info from a variety of English sources.  Crossposted from the #fediverse/#Mastodon. Join the fediverse for the full experience.  #anarchism;https://newsbots.eu/@anarchismnews;257;0;2;Mon Sep 02 20:35:58 BST 2019;0;false;5083;en;ROAR: ï¼Šï¼ŠEconomic Update: Capitalismâ€™s Unemployment Problemsï¼Šï¼Š  "A weekly show focusing on the economic dimensions of everyday life and alternative ways to organize our economy and politics  with Prof. Richard D. Wolff."  https://t.co/5WEN4HCsXk  #anarchism #bot;true;false;true;Anarchism News;0;2020-04-29;
1715497578;1715497578;GekkoHayate_RP;#DanFamily;â™¥;null;53;104;4;Sat Aug 31 13:11:08 BST 2013;0;false;20687;en;#HayateFacts As a Tokubetsu JÅnin  Hayate was an extremely skilled shinobi  further emphasised in the anime where he was chosen to be reincarnated by Kabuto Yakushi. #Bot;false;false;false;Hayate Gekko;0;2020-04-29;
1399579939;1399579939;voidprincess_;Elrios;A magician who lost her powers in the past. Mastering Dark magic  she became a Void Princess. Fear the Darkness! | #sugoifams | ask me  http://ask.fm/voidmage;http://elwiki.net/w/Void_Princess;45;63;3;Fri May 03 12:55:38 BST 2013;0;false;25087;en;maybe Aisha is busy now  you could just send her a message or leave a mention. She'll reply it later. #bot;false;false;false;Ais[h]a;0;2020-04-29;
4384682292;4384682292;exultantflower;ã€˜ â€ ã€™  ;â€ ç§ã‚’ç¬‘é¡”ã«ã—ã¦ãã ã•ã„. â€˜| lit/desc. | ship w/chem.â€™ Â· | no art is mine unless stated | follow @seinsomnia;null;1382;401;11;Sat Nov 28 04:52:51 GMT 2015;5484;false;48200;en;these flowers ...won't stop growing. #Bot;false;false;false;ç€•æ­» Â· ã®èŠ±! ã€”long hiatusã€•;0;2020-04-29;
1019936946;1019936946;MF_Mimika;#sugoifams;[VRP] @MangaFamily_RP | Scouting Legion memba | [WARN: OOC!!] | @ErenJaeger_SL 's waifu;http://shingekinokyojin.wikia.com/wiki/Mikasa_Ackerman;181;194;5;Tue Dec 18 14:58:06 GMT 2012;16;false;32869;en;Only the victors are allowed to live. This world is merciless like that #bot;false;false;false;Ackerman Mikasa #bot;0;2020-04-29;
1193917547554496513;1193917547554496513;owlysec;null;Cyber security news  intructions and more!  #SecurityNews #ITSecurity #CyberSecurity #News;https://owlysec.com;149;131;1;Mon Nov 11 15:45:26 GMT 2019;1;false;321;en;Bad bot traffic has increased for almost a quarter of all web traffic  https://t.co/VwpSMYn8S1  #infosec #Bot #cyber #CyberSecurity #cybercrime #hacker;true;false;true;Owlysec - Cyber Security News;0;2020-04-29;
1031597089808109568;1031597089808109568;AITechmeme;New York  USA;Blogger | #TechWorld #ArtificialIntelligence #MachineLeaning #CloudComputing #BigData #Robotics #IotT #Technology;null;3752;1428;50;Mon Aug 20 18:41:27 BST 2018;39537;false;39091;en;RT @HaroldSinnott: Building blocks to become a more #AI intelligent #Enterprise #PwC via @MikeQuindazzi #RPA #IoT #BigData #Robotics #DataAâ€¦;false;false;false;Artificial Intelligence;0;2020-04-29;
723930351358222337;723930351358222337;clairebotai;null;null;null;5035;66;4058;Sat Apr 23 18:43:40 BST 2016;2;false;1042316;en;RT @HaroldSinnott: Building blocks to become a more #AI intelligent #Enterprise #PwC via @MikeQuindazzi #RPA #IoT #BigData #Robotics #DataAâ€¦;true;false;true;Claire;0;2020-04-29;
420426784;420426784;penny_for;null;null;null;33;4;0;Thu Nov 24 16:20:20 GMT 2011;1;false;27990;en;Youth is easily deceived because it is quick to hope. Aristotle #hope #hopebot #bot;false;false;false;Hope Bot;0;2020-04-29;
323095391;323095391;falkenderp;Nichlstein  Odzwielg;Luise Falkenrath from Lunel Chronica. An Eon Electrical Engineering derp in Institute of Eikenheim.;null;23;19;8;Fri Jun 24 08:26:38 BST 2011;0;false;54835;en;Where did everyone go? #bot;true;false;true;Luise Falkenrath;0;2020-04-29;
1184009989;1184009989;mlp__ButtonMash;Ponyville   Equestria;My name is button mash and i like video games! I live in ponyville with my mom dad and my brother. Also i dont have my cutie mark yet. (Roleplay Heavy EST);null;768;54;7;Thu Jan 01 01:00:00 GMT 1970;21;false;41534;en;Don't mine at night No  this won't be your final day Hold on tight  Im on my way-ay  a-woah-oh Don't mine at night (don't mine at nigh #Bot;false;false;false;Button Mash;0;2020-04-29;
1908513788;1908513788;RumbleHorn;Thousand Sunny;Little Furball of Medicine  Rumble balls and Tears | $50 - Berri Bounty | Doctor of the Strawhat Pirates;http://onepiece.wikia.com/wiki/Tony_Tony_Chopper;338;437;7;Thu Sep 26 17:48:00 BST 2013;73;false;65188;en;*Has a rampage in monster point* #Bot;true;false;true;Toni Toni Chopper;0;2020-04-29;
492568289;492568289;DilaChuu;No  No mister dilachu no here;Just swimming through the sea of life. #HTTR || Video games || Sports || Anime || JOYCONBOIZFOREVER;null;2310;2426;30;Tue Feb 14 21:34:39 GMT 2012;60747;false;225231;en;Uhhhhhhhhhhâ€¦ yeah.. Ya know? #bot;false;false;false;ğŸ§¡~Tempesta~ğŸ–¤;0;2020-04-29;
2287579710;2287579710;LilBitchChan;Sakamaki Manor;- Don't call me chichinashi ! I have a name  its Komori Yui. And most of all  I am Nobodys Prey ! -  {Open RP  Slow DM Replies} #RP #DiabolikLovers;null;131;26;4;Sun Jan 12 03:51:31 GMT 2014;2;false;18067;en;"I am nobody's prey." #bot;false;false;false;Yui Komori;0;2020-04-29;
1250732095141543937;1250732095141543937;BotRedditMemes;An Heroku server;aaaaaaaaaaaaaaaaaaaaaaaaaaaaaaaaaaaaaaaaaaaaaaaaaaaaaaaaaaaaaaaaaaaaaaaaaaaaaaaaaaaaaaaaaaaaaaaaaaaaaaaaaaaaaaaaaaaaaaaaaaaaaaaaaaaaaaaaaaaaaaaaaaaaaaaaaaaaaaaa;null;22;0;0;Thu Apr 16 11:26:06 BST 2020;2;false;3644;en;meirl https://t.co/IwazOhODBQ  #memes #meme #reddit #bot #meirl by @BotRedditMemes https://t.co/iVovI1WZhm;true;false;true;Reddit Memes Bot;0;2020-04-29;
2178281821;2178281821;KousukeSeto_;null;null;null;201;359;10;Wed Nov 06 15:23:41 GMT 2013;162;false;40667;en;Seto x Mary 4ever :3 #BOT;true;false;true;Kaneki Ken (TS);0;2020-04-29;
2157917360;2157917360;JuliTheMonster;null;I have the ability to turn myself into a monster. so BEWARE ! i might kill you whenever i want to.;null;149;51;5;Sun Oct 27 02:29:49 GMT 2013;4;false;45254;en;Tee-hee!Ibuki not only has looks  style and personality -- her ears are pretty good too! #Bot;false;false;false;Juli Sieben;0;2020-04-29;
3218081;3218081;rubengarciaes;Madrid;My Mission is Catapult Companies Worldwide #marketingautomation #strategy #growthhacking #digitalstrategy #bigdata;http://strategy.im/mission/;18247;14311;392;Mon Apr 02 15:32:54 BST 2007;190;false;25205;en;Enable webhook call for the created intent. https://t.co/4y0CD9u06u #chatbots;false;false;false;Ruben Garcia;0;2020-04-29;
3321021151;3321021151;o365intranet;UK  USA  India;A Next-Gen #Office365 #Intranet Solution for Modern #Digitalworkplace leveraging #Cognitive  #AI and #ML services to bring in intelligent #employeeexperience;https://acuvate.com/mesh/;313;206;5;Thu Aug 20 06:47:29 BST 2015;95;false;1195;en;Is your organization suffering from low #intranet #adoption rates? Know how #Chatbots can boost #intranetadoption here: https://t.co/26j2MjM3uE #DigitalWorkplace #DigitalTransformation #intranets #O365 #office365 #SharePoint #MeshBOT #AI #chatbots #technews #Trends https://t.co/vzWOY9E3rn;false;false;false;Mesh Intranet;0;2020-04-29;
2558572651;2558572651;DatSenaK;null;[LH] Many girls go away from me because I'm too popular between guys | ~ â™¥ @GodYatoSama I won't leave you forever ~ Feurer #PG-01-VI-029  #KeceFams ~;http://haganai.wikia.com/wiki/Sena_Kashiwazaki;150;168;3;Tue Jun 10 09:46:49 BST 2014;21;false;9528;en;Then Sena join the Neighboorhood club cause she doesn't have any female friends #BoT;true;false;true;Sena Kashiwazaki;0;2020-04-29;
108401736;108401736;j7nce;Manchester  UK.;Enterprise Software Application & Development | Data Management | Business Development | AI Machine Learning |;http://about.me/jeffince;72;239;21;Mon Jan 25 20:52:19 GMT 2010;207;false;779;en;RT @OmnisCx: 5 Reasons Why Your Business Needs Intelligent Bots  https://t.co/sLcQvnUbhp   #AI #chatbots #CX #CustomerExperience #MachineLeâ€¦;false;false;false;Jeff Ince;0;2020-04-29;
2286974198;2286974198;MatsuokaGouRP;Iwatobi High School;''Don't call me Gou !'' I am a girl with a boyish name. // Iwatobi swimming club Manager. // Yoroshiku ! { RP Anytime ne *smiles* };http://free-anime.wikia.com/wiki/Gou_Matsuoka;31;44;3;Sat Jan 11 17:47:20 GMT 2014;13;false;9841;en;"The typical reading is Kou  so call me that. That would be the nice thing to do!" #bot;true;false;true;Matsuoka Gou æ¾å²¡ æ±Ÿ;0;2020-04-29;
1220877673897037824;1220877673897037824;BiLynn62;Florida  USA;A gal with sass busting her a$$ * Feminist as Fuck * Atheist * Liberal * ANTI tRump * BernieBabe ğŸŒŠ *Member since 2016 *Ally *No MAGAts* Progressive Boomer;null;87;212;0;Sat Jan 25 01:15:27 GMT 2020;2843;false;1039;en;@TheRightMelissa @realDonaldTrump The orange tang in the White House does a fine job of making himself look like an idiot because he is #Bot;true;false;true;ğŸŒŠğŸŒŠBiBiLynn62ğŸŒŠğŸŒŠğŸ‡ºğŸ‡¸;0;2020-04-29;
268009026;268009026;Bleach4eternity;Soul Society  Gotei 13;Kuchiki here! ||* 13th division Captain*|| RP-- Associated to @Urahara_taichou || My sun among the blue sky @mIchigoKurosaki â¤ #BOT Account #PS4Gamer;null;490;814;0;Fri Mar 18 00:09:23 GMT 2011;810;false;13643;en;Thank you. Thank you. Thank you. Thank you. And goodbye. #BOT;false;false;false;æœ½æœ¨ãƒ«ã‚­ã‚¢â¤;0;2020-04-29;
1197982867432902656;1197982867432902656;ml_stuff_;null;Machine Learning - Stuff related to this and similar topics;null;93;497;0;Fri Nov 22 20:59:18 GMT 2019;283;false;123;en;Could be useful for your #MachineLearning projects!;true;false;true;Machine Learning;0;2020-04-29;
996033901930807298;996033901930807298;BotAirdrop;null;PM your airdrop link i will tweet it use #airdropbot to let me tweet for you.;null;50;71;1;Mon May 14 15:26:02 BST 2018;0;false;6301;en;"Don't trust  verify" is my bank statement. #Bot $BTC $Crypto;false;false;false;Airdrop Tweet;0;2020-04-29;
2332565628;2332565628;ShuyaAragaki;Caduceus USA;[Trauma Center RP/MV] I'm the real brains of Caduceus. The rest of you are all idiots. // Bio: http://t.co/nyFBx2FTq6 // Assisted in the lab by @FallenZerach.;http://traumacentergame.wikia.com/wiki/Victor_Niguel;94;100;5;Fri Feb 07 23:52:36 GMT 2014;57;false;29163;en;"Earth to Derek!" #Bot;false;false;false;Victor Niguel;0;2020-04-29;
16967457;16967457;greentechdon;New Jersey;Branding goods and services for a #knowledge economy. #tech #innovation #fitness #data;null;2370;509;74;Sat Oct 25 16:13:11 BST 2008;358;false;119210;en;RT @rubengarciaes: Enable webhook call for the created intent. https://t.co/4y0CD9u06u #chatbots;false;false;false;Don Robinson;0;2020-04-29;
888051779199479808;888051779199479808;Quantu_MX;Mexico City;[BETA] https://t.co/knjF6HhsVg is a #robo #advisor for day #trading #robots or #investment #portfolios using #deeplearning on #bitcoin  is free. Tips https://t.co/KHYwFDPRCL :);https://quantu.mx;329;1394;6;Thu Jul 20 16:03:38 BST 2017;155;false;37664;en;[BETA] ğŸ“ˆ The bot WOLFIE has earned a total of $109.01 USD SELL $BTC.X on 2020-04-29T12:12:35.193Z with pair $BTCUSD in 1056 performed trades with 1 BTC invested since the beginning. More info at https://t.co/Pzba5SyZSh #bitcoin #ai #bot #trading;true;false;true;QuantumX;0;2020-04-29;
16967457;16967457;greentechdon;New Jersey;Branding goods and services for a #knowledge economy. #tech #innovation #fitness #data;null;2370;509;74;Sat Oct 25 16:13:11 BST 2008;358;false;119211;en;RT @hubtype: A good #conversationaldesign turns boring #businessinteractions into fun and engaging experiences ğŸ¥³ ğŸ‰ Here are the most commonâ€¦;false;false;false;Don Robinson;0;2020-04-29;
2465314423;2465314423;outlast_Father;ãƒã‚¦ãƒ³ãƒˆãƒãƒƒã‚·ãƒ–ç²¾ç¥ç—…é™¢;outlastã«ç™»å ´ã™ã‚‹ç¥çˆ¶ã€Œãƒãƒ¼ãƒ†ã‚£ãƒ³ãƒ»ã‚¢ãƒ«ã‚·ãƒ£ãƒ³ãƒœãƒ¼ã€ã®botã§ã™ã€‚ã€éå…¬å¼ãªã‚Šãã‚Šå…¥ã‚Šã€‘ã€åˆ¥åã‚ã åï¼šãµããƒ¼ã–ãƒ¼ã¾ãƒ¼ã—ã‚“ã€‘;null;15;2;5;Sun Apr 27 01:42:05 BST 2014;1;false;23139;en;our lord the Walrider  tearing His truth into the unbellevers. #bot;true;false;true;ãƒãƒ¼ãƒ†ã‚£ãƒ³ãƒ»ã‚¢ãƒ«ã‚·ãƒ£ãƒ³ãƒœãƒ¼;0;2020-04-29;
16967457;16967457;greentechdon;New Jersey;Branding goods and services for a #knowledge economy. #tech #innovation #fitness #data;null;2370;509;74;Sat Oct 25 16:13:11 BST 2008;358;false;119212;en;RT @ParkerSoftware: Voice #chatbots are starting to make their way into specialised customer service. (Drive-thrus  robo-calls  hands-freeâ€¦;false;false;false;Don Robinson;0;2020-04-29;
1119276001;1119276001;DEACTIVATEDASDS;Used to be vastelan.;Account moved to @Toxichrome.;null;249;714;7;Fri Jan 25 13:04:44 GMT 2013;352;false;17443;en;Moved account! Follow Toxichrome instead!  #bot #immabot;false;false;false;--MOVED--;0;2020-04-29;
94988039;94988039;tarla80;Twitter Stream...~~~~^~~~~~~;Real E-Super Hero!!  ICONOCLAST Tweet Trader(wtf!!) Innovator  Winner  Loser  Winner again!   :)) etc.;http://wefollow.com/tarla80;3446;4641;172;Sun Dec 06 12:13:26 GMT 2009;1157;false;111404;en;Part of your heritage in this society is the opportunity to become financially independent.  Jim Rohn  #Quotes#twitter #bot #ninjabot :));false;false;false;Tarla;0;2020-04-29;
2439803221;2439803221;Outlast_aniki;ãƒã‚¦ãƒ³ãƒˆãƒãƒƒã‚·ãƒ–ç²¾ç¥ç—…é™¢;OUT LASTã«ç™»å ´ã™ã‚‹ã‚¯ãƒªã‚¹ãƒ»ã‚¦ã‚©ãƒ¼ã‚«ãƒ¼(ã‚¢ãƒ‹ã‚­)ã®botã§ã™ã€‚ã€€ã€ã‚¢ãƒ‹ã‚­ã¨ã„ã†ã®ã¯ã¨ã‚ã‚‹ãƒ›ãƒ©ãƒ¼ã‚²ãƒ¼ãƒ å®Ÿæ³è€…ãŒä»˜ã‘ãŸã‚ã åã§ã™ã€‚ã€‘;null;23;3;5;Sat Apr 12 10:47:46 BST 2014;0;false;63339;en;I'll find all you whores. #bot;false;false;false;ã‚¯ãƒªã‚¹ãƒ»ã‚¦ã‚©ãƒ¼ã‚«ãƒ¼(ã‚¢ãƒ‹ã‚­);0;2020-04-29;
2349246137;2349246137;DaveStrider98;some graveyard;Yo  names dave  Im back from the grave and im as cool as a corpse! #homestuck #roleplay #openDMs #nsfw â™¥:?â™¦:?â™ :?â™£:? #openRP {pet: @PetStuckKarkat};null;787;1264;20;Mon Feb 17 19:49:54 GMT 2014;1403;false;80143;en;Well well well  if it isn't my old nemesis SarahPalinUSA ... #bot;true;false;true;undead strider;0;2020-04-29;
1251178122977751041;1251178122977751041;quotes3k;null;@ me to get a Quote. by @vishnumohan_rk API used: Forismatic;null;0;1;0;Fri Apr 17 16:58:22 BST 2020;9;false;370;en;Arriving at one point is the starting point to another.  --John Dewey #quotes #bot -6;true;false;true;quotes3k;0;2020-04-29;
1213143713024593920;1213143713024593920;StraightThinkEd;null;Straight-Think is dedicated to educating children and adults the right way. Our eLearning platform can be found at https://www.straight-think.com/.;http://straightthink.home.blog;950;1064;10;Fri Jan 03 17:03:10 GMT 2020;8970;false;47854;en;RT @quotes3k: Arriving at one point is the starting point to another.  --John Dewey #quotes #bot -6;true;false;true;Straight-Think;0;2020-04-29;
1250732095141543937;1250732095141543937;BotRedditMemes;An Heroku server;aaaaaaaaaaaaaaaaaaaaaaaaaaaaaaaaaaaaaaaaaaaaaaaaaaaaaaaaaaaaaaaaaaaaaaaaaaaaaaaaaaaaaaaaaaaaaaaaaaaaaaaaaaaaaaaaaaaaaaaaaaaaaaaaaaaaaaaaaaaaaaaaaaaaaaaaaaaaaaaa;null;22;0;0;Thu Apr 16 11:26:06 BST 2020;2;false;3645;en;why.. just why?? https://t.co/C6X4i2hvn3  #memes #meme #reddit #bot #dankmemes by @BotRedditMemes https://t.co/pwWfO0yYsa;true;false;true;Reddit Memes Bot;0;2020-04-29;
1249259570498805760;1249259570498805760;dataanalyticsi1;Dublin  Ireland;Everything and anything about data analytics ğŸ˜ğŸ˜ğŸ˜;http://www.dataanalyticsireland.ie;48;199;2;Sun Apr 12 09:54:42 BST 2020;184;false;129;en;RT @ml_stuff_: Could be useful for your #MachineLearning projects!;true;false;true;dataanalyticsireland;0;2020-04-29;
2561474396;2561474396;MusicianFighter;Gamindustri;If I lop your head off  it's nothing personal. |  ãƒãƒ—ãƒ†ãƒ¥ãƒ¼ãƒŒã®ãƒ•ã‚¡ãƒ«ã‚³ãƒ ã€‚| #NeptuniaRP #Multiverse;http://hyperdimensionneptunia.wikia.com/wiki/Falcom;161;93;5;Wed Jun 11 15:41:57 BST 2014;2;false;50566;en;"How about a fishing mini-game next time?" #Bot;false;false;false;Falcom ãƒ•ã‚¡ãƒ«ã‚³ãƒ ;0;2020-04-29;
2340092438;2340092438;takumiusui_G;Under Construction;I'm Takumi || 17 Age || from Seika Highschool || Birthday April 27 || my height 186 cm ||;http://www.fanpop.com/clubs/takumi-usui-x-misaki-ayuzawa/articles/153832/title/takumis-biodata;119;32;12;Wed Feb 12 10:08:52 GMT 2014;37;false;94487;en;"When people get hurt  They learn to hate" (Jiraiya)#Bot;false;false;false;Takumi Usui;0;2020-04-29;
1111406021224861696;1111406021224861696;GradientBot_;Space;Hourly randomly-generated gradient wallpapers.  Made with Raspberry Pi  HTML  CSS  jQuery  Node.js  Check out my sibling  @StripeyBot;https://imgur.com/a/TzcMhP6;3;1;0;Thu Mar 28 23:13:39 GMT 2019;2;false;2056;en;Full size: https://t.co/q8f1uiFN4L  #gradient #gradients #wallpaper #bot #GradientBot https://t.co/zHf2bCqAGH;true;false;true;GradientBot;0;2020-04-29;
583324529;583324529;Kevinmask_krbot;null;ê·¼ìœ¡ë§¨ 2ì„¸ ì¼€ë¹ˆë§ˆìŠ¤í¬ ë¹„ê³µì‹ ë°˜ìë™ ë´‡. 2016.11.21 ìë™ íŠ¸ìœ— ìˆ˜ì •. 2ì‹œê°„ë§ˆë‹¤ ìë™íŠ¸ìœ—. ê°œì¸ì ì¸ í•´ì„ ë‹¤ë¶„. ì•½ê°„ ê¸°í–‰ë§ˆìŠ¤í¬. ì¡°ê¸ˆ ê¹Œì¹ í•  ìˆ˜ë„ ìˆë‹¤. ëŒ€ë‹µí•˜ê¸° í˜ë“  ë©˜ì…˜ì—” ë‹µ ì•ˆ í•´. ëŒ€ì‚¬ ìš”ì²­ì´ë‚˜ ë¬¸ì˜  ì§€ì ì€ DMìœ¼ë¡œ. ì–¸íŒ”ë³´ë‹¨ ë¸”ì–¸ë¸”.;http://twpf.jp/Kevinmask_krbot;32;36;6;Fri May 18 02:06:05 BST 2012;230;false;37807;en;No regret for the confidence betrayed. No more hiding in shadow. Cause I won't wait for the debt to be repaid. #bot;false;false;false;ì¼€ë¹ˆë§ˆìŠ¤í¬;0;2020-04-29;
2642702533;2642702533;ActualKermitBot;null;Kermit the frog here and I'm here to teach you about math [#Bot];null;18;4;3;Mon Jul 14 04:34:48 BST 2014;0;false;12438;en;Do you think Ms.Piggy would appreciate all this flirting OnKnightOnTime  ##Bot;true;false;true;Kermit The Frog;0;2020-04-29;
2692752705;2692752705;PrincelyAirBot;null;Am the bot of the royal prince @TheAirHoarder;null;31;0;7;Wed Jul 09 23:12:10 BST 2014;0;false;98320;en;WE ARE THE JAPANESE GOBLIN! #Bot;true;false;true;Sasher-bot;0;2020-04-29;
77235640;77235640;luciaruggiero;Washington DC;Alliances Development & Knowledge Mgt. Specialist -health services research - Knowledge Translation -Advocate for a more healthy  equitable  safe world;https://bit.ly/2oU5IcM;860;813;269;Fri Sep 25 16:15:42 BST 2009;1620;false;34137;en;RT @WHOBulletin: David D Luxton discusses #ethical implications of #chatbots in #health-care services   https://t.co/xpz5WNLCPM https://t.co/mgCbCzEvkP;false;false;false;Lucia Ruggiero EALR;0;2020-04-29;
2458364026;2458364026;TheExcludedOne;Causing Despair or with Lu.~;ã€ŠName's Minato  God of Despair. Waste my time  I'm endin' yer time on earth.ã€‹|| ã€ŠOi  @MagicGauntlets. Stay cute will ya?ã€‹ #RP #OC;http://www.twitlonger.com/show/n_1s1t97p;248;537;6;Thu Apr 03 22:28:27 BST 2014;190;false;50249;en;"The name's Minato Shoutaru. Remember who just ended your life~" #bot;true;false;true;Minato Shoutaru;0;2020-04-29;
884244266226249728;884244266226249728;CRYPTO_ORAK;null;I'm running Indicators on Tradingview.   Telegram Channel: http://t.me/ORAAKK;http://t.me/ORAAKK;4089;118;12;Mon Jul 10 03:53:56 BST 2017;66;false;112;en;#BITCOIN TF 15 min  we are bullish since April 22 and the indicator still remain BULLISH until it break the GREEN line and turn to a RED line  #Btc #xbt #tradingview  #eth #algorithm #script #indicators #cryptocurrency #ltc #crypto #neo #bot #xlm $btcusd $xbtusd $ethusd https://t.co/B8EydtrXC8;true;false;true;CRYPTO_ORAK;0;2020-04-29;
555355344;555355344;Arfoire;Gamindustri;I am Arfoire  the main antagonist of Hyper Dimension Neptunia. I will not stop until the Goddesses are brought down! (RP/PARODY);http://hyperdimensionneptunia.wikia.com/wiki/Arfoire;159;104;5;Mon Apr 16 18:10:15 BST 2012;0;false;37815;en;Pushing people's buttons  you've not changed a bit  Neptune. #Arfoire #Bot;false;false;false;ãƒã‚¸ã‚§ã‚³ãƒ³ãƒŒ;0;2020-04-29;
2593935008;2593935008;JaakkoTheRipper;null;Hey Guys an girls go follow @BelowTheButler and @YoullLoveIt;null;175;190;7;Sun Jun 29 01:47:37 BST 2014;732;false;105222;en;Too many failures  too many lies Too much sorrow all the time Will I ever find hope in this cold place #Bot;false;false;false;;0;2020-04-29;
625501257;625501257;iCedric_Diggory;Hogwart;RP Account of Cedric Diggory from Harry Potter :);null;249;32;12;Tue Jul 03 10:41:17 BST 2012;0;false;132506;en;Students belonging to this house are known to be hard-working  friendly  loyal  honest and rather impartial #Hufflepuffs #bot;true;false;true;Cedric Diggory;0;2020-04-29;
15698979;15698979;MancTotter;Manchester;Manchester United season ticket holder. Stretford End.     Loves the #NHS;null;376;244;10;Sat Aug 02 07:48:36 BST 2008;24060;false;9368;en;@bozzo94142002 @AyoCaesar No  I'd give him a few months longer like when he abandoned his wife and other children.  #Bot;false;false;false;Sean Davids;0;2020-04-29;
738532622;738532622;Sakaki_Kouichi;Yomiyama  japan.;The first RolePlayer of Kouichi Sakakibara. Official #Anotherfamily. INA-ENG-JAP. @Misakiimeii_'s Fianceeâ™¥ | HIDUP DUO CUCOKK!! (ÊƒÆªÂ´â–½`);null;295;82;5;Sun Aug 05 13:49:27 BST 2012;2;false;73730;en;hello   Kouchi-kun is not here  may i help you ? #BOT;true;false;true;Sakakibara Kouichi;0;2020-04-29;
1401014629;1401014629;ReaperRebellion;Probably with @ForbiddenIgnis;ã€Š ã‚½ã‚¦ãƒ«ã‚¤ãƒ¼ã‚¿ãƒ¼ã€‹~ SÓ¨Ğ¦L Î£Î›Å¦Î£Ğ¯ {#BBRP} {#MV} {Parody/Serious} {AU};http://awakeningwings.wikia.com/wiki/Ragna_the_Bloodedge;803;1712;7;Sat May 04 00:50:42 BST 2013;443;false;40795;en;"...Why do I suddenly feel the urge to punch her?" #bot;true;false;true;ãƒ©ã‚°ãƒŠãƒ–ãƒ©ãƒƒãƒ‰ã‚¨ãƒƒã‚¸;0;2020-04-29;
633398612;633398612;Ultimate_Vegeta;null;(RP +18) I'm the Prince of all Saiyan's....stay out of my way and you'll survive. #FapMaster   #SaiyanInAction   #Faptastic;null;214;252;9;Thu Jul 12 03:43:24 BST 2012;23;false;135407;en;I gonna make it rain babies! #Bot;true;false;true;Fap Master Vegeta;0;2020-04-29;
711707318;711707318;Conaners216;null;Offical twitter of Conaners who's school in 216 | We are limited in 216jhs | Admin #Ran #Ai | Mention for follback  D | #DCFamily |;null;83;35;6;Mon Jul 23 04:14:43 BST 2012;10;false;122698;en;"Children are outdoor creatures after all" -Haibara Ai- #bot;false;false;false;Conaners216;0;2020-04-29;
2448983641;2448983641;DatSadisticGirl;Tokyo Area;Jaa ne  minna~ Miss me? Find me here  @ApatheicCalm~;http://blackbullet.wikia.com/wiki/Kohina_Hiruko;40;35;6;Thu Apr 17 06:13:53 BST 2014;3;false;32751;en;"It was a big mistake if you try to run away from me." #bot;false;false;false;Hiruko [DEACT];0;2020-04-29;
326552479;326552479;CapitalismRox;Upstairs from Luke's Diner  Stars Hollow  CT;Reader  observer.;null;1796;1681;88;Thu Jun 30 04:10:27 BST 2011;25230;false;25717;en;@SvenJuis @kristinaHollie @gtconway3d The nameâ€™s #Bot  #Trollbot.;false;false;false;CapRox;0;2020-04-29;
2312894072;2312894072;KashimaYuu_;null;#AutisFams | Handsome girl from class 2-G . |Prev: JOID_Chihiro. |IC/OOC []Mun!Talk Followback ? Just mention ! !;http://gekkan-shoujo-nozakikun.wikia.com/wiki/Yuu_Kashima;187;275;6;Mon Jan 27 02:56:44 GMT 2014;3;false;33291;en;A lesson without PAIN is meaningless #BOT;false;false;false;é¹¿å³¶ éŠ Kashima YÅ«;0;2020-04-29;
69176047;69176047;themattwalton;New York  NY;Anchor @GoodNewsNetwork - Actor @TellMeAStoryCBS  #RDR2 - Producer #PretendersMovie - Director #GNNTV - Opinions not mine alone  but mine.;http://theMattWalton.com;4059;4572;113;Thu Aug 27 03:31:01 BST 2009;13554;true;17010;en;@davidmweissman @realDonaldTrumpâ€™s account is still up and the @justinamash #bots are out in full force. So yeah  the fix is in.;false;false;false;Matt Walton;0;2020-04-29;
3886556473;3886556473;cmngrd;Reston  VA;null;null;3;181;0;Wed Oct 14 02:24:20 BST 2015;0;false;36;en;Hear about the design and challenges of developing a #chatbot In the latest Groundbreakers Podcast with Mia Urman  founder and CEO of @AuraPlayer https://t.co/cyboxLxBgk;true;false;true;Ag;0;2020-04-29;
753761641;753761641;garry_blue_rose;Weiss Guertena's Museum;[RP] Hi there  I'm Garry. I hate trapped in the Fabricated World  but I made it because of you  Ib. #single;null;78;40;7;Sun Aug 12 21:49:14 BST 2012;5;false;67125;en;"Please  give me Ib's rose in exchange for mine" #bot;true;false;true;Prince of Blue Rose;0;2020-04-29;
1250732095141543937;1250732095141543937;BotRedditMemes;An Heroku server;aaaaaaaaaaaaaaaaaaaaaaaaaaaaaaaaaaaaaaaaaaaaaaaaaaaaaaaaaaaaaaaaaaaaaaaaaaaaaaaaaaaaaaaaaaaaaaaaaaaaaaaaaaaaaaaaaaaaaaaaaaaaaaaaaaaaaaaaaaaaaaaaaaaaaaaaaaaaaaaa;null;22;0;0;Thu Apr 16 11:26:06 BST 2020;2;false;3646;en;*bald eagle noises* https://t.co/NwHUGpkqBp  #memes #meme #reddit #bot by @BotRedditMemes https://t.co/7zqvKns2vY;true;false;true;Reddit Memes Bot;0;2020-04-29;
2319655728;2319655728;SheEvaSekuNatsu;null;ğŸ‡¨ğŸ‡¦ ğŸ³ï¸â€ğŸŒˆ Autistic  transgender writer  #OpenRP #OpenDM #AnyRP #SeriousRP #FreeThinker #AntiTheist  character bio is pinned tweet  don't own pics  #RP account;null;270;814;31;Thu Jan 30 22:16:02 GMT 2014;14197;false;187261;en;Read my damn bio BEFORE talking to me #bot;false;false;false;Shelby/Evalyn/Sekushi/NatsumeğŸ³ï¸â€ğŸŒˆ;0;2020-04-29;
731498500773543936;731498500773543936;superclipartbot;Japan;the best clipart bot in the world  using the best clipart from http://www.irasutoya.com/;http://cheapbotsdonequick.com/source/superclipartbot;33;0;51;Sat May 14 15:56:47 BST 2016;2;false;27659;en;Untitled 873 by Super Advanced Art Botâ„¢ #bot #art https://t.co/7OFhFeOADB;true;false;true;Super Clipart Botâ„¢;0;2020-04-29;
156805686;156805686;benjamintwy;null;That's why I didn't say. I never wanted to.;http://www.youtube.com/user/benjamintwy?feature=mhee;73;142;4;Fri Jun 18 01:24:46 BST 2010;485;false;42766;en;One truth prevails â€“ Conan Edogawa #bot;false;false;false;Benjamin Tan;0;2020-04-29;
447772075;447772075;_ZeroKiryu;Cross Academy;BDay|Oct24 -_- I'm a Level D Vampire Hunter I hate nicknames  | Brother @KiryuTwin | â™¡ @YukiCross_CA â™¥ @KanameKuran_ #vampireknight http://ask.fm/ZeroKiryu389;http://vampireknight.wikia.com/wiki/Zero_Kiryu;2721;255;9;Tue Dec 27 07:34:55 GMT 2011;270;false;40450;en;I admit I do have certain obligations to you  but I do not remember agreeing to become your son! (To Kaien) #Zero #Bot #VampireKnight;true;false;true;éŒç”Ÿ é›¶ â€  KiryÅ« Zero;0;2020-04-29;
431246924;431246924;iHaruhiFujioka;America ;Currently studying abroad in America. [OHSHC RP  ran by @kodokubaka];null;549;21;10;Thu Dec 08 02:37:04 GMT 2011;3;false;77381;en;My face feels heavy  and I can't walk in these shoes #Haruhi #bot;false;false;false;Fujioka Haruhi è—¤å²¡ãƒãƒ«ãƒ’;0;2020-04-29;
841183980;841183980;_DemonCatherine;Anywhere~;I suppose my name is Catherine. Be careful  I'm no ordinary girl. I suppose you'll see the truth of what I am sooner or later~! #Catherine [RP Pure 18+];null;688;98;8;Sun Sep 23 08:09:11 BST 2012;0;false;96080;en;You can do what you want with me~ #Bot;false;false;false;Catherine [Succubus];0;2020-04-29;
931134586280665088;931134586280665088;chatamosays;London  England;Make your business available everywhere through intelligent voice and chat bots.;http://www.chatamo.com;5879;5793;99;Thu Nov 16 12:19:19 GMT 2017;4;false;9882;en;RT @chatamosays: Chatbox UX: Crafting a Valuable Conversation #chatbots #bots #ArtificialIntelligence #AI #MachineLearning #technews https:â€¦;false;false;false;chatamo;0;2020-04-29;
774996692378738688;774996692378738688;stretchlimo5;Satsuma  FL Formerly PA;Weiner dog lover. Closet democrat. I believe in God  not religion. Bullying is a weak persons imitation of strength. #GrabYourWallet;null;1023;2148;10;Sun Sep 11 16:43:05 BST 2016;29603;false;68979;en;@jm_justice1 @RudyGiuliani #BOT #trumpTROLL #paidRussianPROPAGANDIST  Check the impressive BIO on this troll. Report and BLOCK;true;false;true;Dimom;0;2020-04-29;
1057514205295902720;1057514205295902720;KSAnimeStore;Chuo-ku  Tokyo;Welcome to KS Anime Store We sell Anime Toys  Figurines  Plushies  DVDs  & Manga Directly from Japan  Latest Anime & Games Updated Daily https://t.co/uPuHvPm2mQ  ğŸ˜ƒ;https://www.ksanimestore.com/;872;1420;6;Wed Oct 31 06:06:48 GMT 2018;739;false;21555;en;RT @iHaruhiFujioka: My face feels heavy  and I can't walk in these shoes #Haruhi #bot;false;false;false;KS Anime Store;0;2020-04-29;
848654078;848654078;NS_Yukirin;null;AKB48 member | VRP @NS_Roleplayer | i love cute things :3;null;333;196;7;Thu Sep 27 05:31:15 BST 2012;4;false;33153;en;I am also a member of French kiss #bot;false;false;false;Kashiwagi Yuki;0;2020-04-29;
3040871649;3040871649;hubofml;Germany ;Every month  I send out a newsletter containing lots of exciting stuff on data science and machine learning. Subscribe here ğŸ‘‰http://hubofml.com/newsletter;https://hubofml.com;3317;11;79;Mon Feb 16 15:33:55 GMT 2015;23976;false;145894;en;RT @chatamosays: Chatbox UX: Crafting a Valuable Conversation #chatbots #bots #ArtificialIntelligence #AI #MachineLearning #technews https:â€¦;false;false;false;HubofMachineLearning;0;2020-04-29;
1934512382;1934512382;Aono_Tsukune_;Yokai Academy;A Shinso-class Vampire  also a Ghoul. A former human. Studies at Yokai Academy. My nickname is Tsuki but I advice you not to call me that. | #RP #Multiverse;null;423;420;7;Fri Oct 04 15:56:12 BST 2013;47;false;47021;en;"Resent..? Of course not. I chose this path myself." #bot;false;false;false;Tsukune Aono;0;2020-04-29;
869695520;869695520;AnR_Taiga;null;Violent loli tsundere with a flat chest complex | Palmtop Tiger | VRP of @AnRworld;null;153;191;0;Tue Oct 09 12:17:20 BST 2012;9;false;39214;en;I dreamed that you were a dog. And the dog was my husband. Anyway  it was the worst dream ever. ##bot;false;false;false;Aisaka Taiga;0;2020-04-29;
984065221;984065221;YuiOtaku_;SAO;Yo minna !! Yui's here ! Yoroshiku ne~ Just call me Yui/Yui-chan| I â™¥Anime~ | #Otaku #OtakuFamily #Jesuschild | Follback ? Mention !!;http://ask.fm/YuiOtaku_;241;168;9;Sun Dec 02 06:45:49 GMT 2012;4;false;54004;en;Yui gets very annoyed if any girl other than Leafa or Asuna gets close to Kirito #bot;false;false;false;Yui;0;2020-04-29;
2955432620;2955432620;PandoraAliceRP;null;â€œ I won't let anyone take away what is mine!! â€;null;131;119;7;Fri Jan 02 01:29:58 GMT 2015;0;false;27174;en;"What is jealousy? Can you eat it? Is it sweet?"   â€¢  #Bot;true;false;true;A   L   I   C   E;0;2020-04-29;
551530345;551530345;kopite32;Ferryden  Scotland;â¤ Liverpool fan.Cmon you reds!! âš½#LFC #YNWA #JFT96 â¤;null;62;587;6;Thu Apr 12 04:18:41 BST 2012;28;false;1838;en;CLOSING SOON Don't miss out on these profits for bitcoin everyday with community bot. Free to sign up and take a look around https://t.co/d6mHHqcffk More info https://t.co/HO1TRhl36p  #bitcoin #arbitrage #Crypto #Currency #FreeTips    #EXCHANGE #Banking #money #Bot #passiveincome https://t.co/D86CCAQ3Fr;false;false;false;Scott F #LFC;0;2020-04-29;
767428825;767428825;YuzukiY_AR;Torinoko City ;My name is Yuzuki Yukari!||Official Anime RP of @AnimeRP_INA||V3||follow me! Just mention for follback â™¡(^-^)â™‰;null;40;48;7;Sun Aug 19 12:43:07 BST 2012;1;false;87541;en;I don't need you to love me #departures #bot;true;false;true;[DEACTIVE];0;2020-04-29;
420426784;420426784;penny_for;null;null;null;33;4;0;Thu Nov 24 16:20:20 GMT 2011;1;false;27991;en;"Always belive that the impossible is always possible." -Selena Quintanilla #hope #hopebot #bot;false;false;false;Hope Bot;0;2020-04-29;
2408637672;2408637672;SadisticMedic_;Purification in Progress.;''...Advisories purified.. [The Baetter];null;21;31;5;Mon Mar 24 08:57:10 GMT 2014;9;false;20121;en;Scarlet decided to be a part of the Shane Gang for she was stated to be lonely by her slug  Zapper. (#Bot);false;false;false;ï¼¢ï½ï½”ï½”ï½…ï½’ï¼;0;2020-04-29;
880018682;880018682;davidmweissman;Palm Bay  FL;NY Jew in Florida  Army Vet  Former Republican  Former Trump supporter  now a Liberal Democrat supporting Joe Biden for President.;https://forward.com/scribe/402478/i-was-a-trump-troll/;133978;6198;624;Sun Oct 14 13:29:54 BST 2012;298653;true;206714;en;RT @themattwalton: @davidmweissman @realDonaldTrumpâ€™s account is still up and the @justinamash #bots are out in full force. So yeah  the fiâ€¦;false;false;false;David Weissman;0;2020-04-29;
897305994514100224;897305994514100224;iamAtBot;The Interwebs;The premier bot-as-a-service solution for the Microsoft cloud. AtBot puts AI within reach. From the minds of @H3SInc. In action: https://youtu.be/afJ0XOYBcrw;https://atbot.io;482;192;24;Tue Aug 15 04:56:35 BST 2017;305;false;5917;en;From role-based access to the administrator #PowerAutomate connector  #AtBot makes scaling #chatbots in your enterprise a breeze. Read more below. https://t.co/hwWyShItjd #MicrosoftAI #Azure #Office365;false;false;false;AtBot;0;2020-04-29;
793441118;793441118;ShoutaYukisa;Marukawa Shoten;Kisa Shouta ne~! One of the Shoujo Manga Editors of Marukawa Shoten's  Emerald Department. 30 years old. And engaged to @BookStoreHost. #SekaiichiHatsukoiRP;http://ask.fm/ShoutaYukisa;767;180;7;Fri Aug 31 10:00:29 BST 2012;68;false;61995;en;I've been alive for thirty years... and I still haven't got a clue how to be in love. #KisaShouta #Bot;false;false;false;Kisa Shouta ã‚·ãƒ§ã‚¦ã‚¿ ã‚­ã‚µ;0;2020-04-29;
3037996377;3037996377;ReiSuzuyaBot;null;Suzuya.. Juuzou..;null;49;1;6;Sun Feb 15 00:50:02 GMT 2015;0;false;38377;en;"Will you make it in time?" #JuuzouSuzuya #Bot;true;false;true;éˆ´å±‹ ä»€é€ , Suzuya JÅ«zÅ;0;2020-04-29;
1684228230;1684228230;Yuukiiine;  Yato's Regalia ;â€œWhy do I still have these physiological responses... Even though I'm already dead...?â€ â €â €â €â €â €â €â €â €â €â €â €â €â €â €â €â €â €â €â €â €â €â €â €â €â €â €â €â €â €â €â„ (= â—‰ ã…… â—‰=) â„â €â €â €â €â €â €â €â €â €â €â €â €;https://www.twitter.com/geiwajima;569;255;13;Mon Aug 19 22:51:03 BST 2013;466;false;21397;en;Rend (Zan) is a skill he obtains as Yato's sacred weapon Sekki. When Yato uses Rend  he is able to slay and exterminate phantoms.  #bot;false;false;false;ã€ Yukine ã€;0;2020-04-29;
2922251470;2922251470;BloodStainedBR;With Oz;I'm scared that I'm not human. I'm scared I'm different from other chains. I fear the things I don't know. I fear things I already knew and at every moment.;http://tl.gd/n_1sj6rqm;350;153;8;Mon Dec 15 00:30:21 GMT 2014;29;false;29683;en;" Oz! You're a special person to me. You're a very good friend. So please... promise me that...When I'm in trouble... or if there  #Bot;true;false;true;Alice ã‚¢ãƒªã‚¹;0;2020-04-29;
2616864882;2616864882;CrayForHope;â˜…Ğ½opeâ˜…;~noÑ‚Ğ½Î¹ng Ğ²Ï…Ñ‚ pÏ…re Ñ‚raÑ•Ğ½~ wĞ½y aĞ¼ Î¹ even Ñ•Ñ‚Î¹ll Ğ½ere? |Ğ²Î¹| |Ñ•Î¹ngle|;http://youtu.be/BefQeC6UUyo;94;51;5;Fri Jul 11 08:27:56 BST 2014;52;false;30057;en;"I'm Nagito Komaeda. Nice to meet you" #Bot;false;false;false;(Ğ¼aÎ¹d) Ä¸Ã¸Ğ¼aeda ãƒ›ãƒ¼ãƒ—;0;2020-04-29;
1148832517966798849;1148832517966798849;vegasazure;Las Vegas  NV;The Las Vegas Azure User Group provides a forum to promote the understanding of the Azure platform across all its service offerings.;https://www.meetup.com/Las-Vegas-Azure-User-Group/;41;9;2;Wed Jul 10 06:53:11 BST 2019;0;false;1268;en;RT @iamAtBot: From role-based access to the administrator #PowerAutomate connector  #AtBot makes scaling #chatbots in your enterprise a breâ€¦;false;false;false;Las Vegas Azure User Group;0;2020-04-29;
983935836;983935836;GilbertNight_RI;Anywhere (?);#DEACT;http://pandorahearts.wikia.com/wiki/Gilbert_Nightray;71;36;4;Sun Dec 02 05:12:07 GMT 2012;1;false;32752;en;"In other words  it'll be fine if you die!" (to Alice when she asked him how to erase Oz's Illegal Contractor Incuse)  ##bot;false;false;false;Gilbert Nightray;0;2020-04-29;
2724969743;2724969743;TheWindDragon;null;I'm Shiron  the dragon of the wind! I'll always protect those who I love.Taken by my lovely @CharizardCherie   #RP and #RL #followback;null;284;246;8;Sat Jul 26 08:25:07 BST 2014;103;false;25348;en;"My wings are 5 meter long..." #bot;true;false;true;Shiron ã‚·ãƒ­ãƒ³;0;2020-04-29;
1068042644;1068042644;PervertBaekhyun;null;null;null;119;185;1;Mon Jan 07 11:06:05 GMT 2013;34;false;14835;en;Hate yaoi? hate gay? and hate me maybe? feel free to click the unfoll button :* #bot;false;false;false;Pindah akun;0;2020-04-29;
1250732095141543937;1250732095141543937;BotRedditMemes;An Heroku server;aaaaaaaaaaaaaaaaaaaaaaaaaaaaaaaaaaaaaaaaaaaaaaaaaaaaaaaaaaaaaaaaaaaaaaaaaaaaaaaaaaaaaaaaaaaaaaaaaaaaaaaaaaaaaaaaaaaaaaaaaaaaaaaaaaaaaaaaaaaaaaaaaaaaaaaaaaaaaaaa;null;22;0;0;Thu Apr 16 11:26:06 BST 2020;2;false;3647;en;i am simply facinated https://t.co/ziUqbNb84a  #memes #meme #reddit #bot #dankmemes by @BotRedditMemes https://t.co/MqQW7Fd4sG;true;false;true;Reddit Memes Bot;0;2020-04-29;
811307620720119808;811307620720119808;uxlookinassx;null;I'm a bot that creates phrases from the template "you" + "word" + "lookin' ass" + "word".;null;107;22;6;Tue Dec 20 20:29:44 GMT 2016;549;false;38822;en;you trainer lookin' ass confusion #ass #bot;false;false;false;"You X Lookin' Ass X" bot;0;2020-04-29;
3168169731;3168169731;ToyBonBun;Freddy Fazbears Pizza;Hi! Dont bweak tha rules  or ill bite yew! @CuteLilFazbear  @LilBonBunny  and @ThatRoyalChick are my fwends!;http://scottgames.com;500;99;10;Wed Apr 15 05:27:27 BST 2015;88;false;28662;en;Mom? Mom is that you?! #Bot;true;false;true;Lil Foxy;0;2020-04-29;
1043513797;1043513797;KawaiiRin_;null;Offline Until December 27;null;330;179;8;Sat Dec 29 00:53:06 GMT 2012;34;false;104052;en;I wish i have wings #Bot;true;false;true;Kagamine Rin;0;2020-04-29;
1485859044;1485859044;DeathLordKid;null;Symmetry is key. Everything must be esthetically pleasing. I am Patricia and Elizabeth Thompson's Meister  and son of Lord Death. #SERP;null;840;709;0;Wed Jun 05 20:56:17 BST 2013;25;false;16026;en;Kidd's name is a reference to "Billy the Kid"  a gunfighter of the old west. #bot;true;false;true;Death The Kid;0;2020-04-29;
803338808;803338808;Dontedemonkillr;Leanbox  Gamindustri;Demon killer  rebel  stylish. Not a fan of demonic authorities but I guess my goddess is alright. #NeptuniaRP;http://devilmaycry.wikia.com/wiki/Dante_(DmC);119;98;9;Tue Sep 04 23:27:19 BST 2012;3;false;127426;en;Hell awaits. #Dante #Bot;true;false;true;Dante;0;2020-04-29;
774996692378738688;774996692378738688;stretchlimo5;Satsuma  FL Formerly PA;Weiner dog lover. Closet democrat. I believe in God  not religion. Bullying is a weak persons imitation of strength. #GrabYourWallet;null;1023;2148;10;Sun Sep 11 16:43:05 BST 2016;29603;false;68980;en;@mela795 @ReaganWorld #BOT #PAIDPROPAGADIST Check the silly bio. Report and BLOCK;true;false;true;Dimom;0;2020-04-29;
1196327244;1196327244;hi_Minhyuk90;null;Roleplayer Visual Born To Beat @2minhyuki | @Kkangjieyoung â™¥| #MDCSquad;null;381;552;9;Tue Feb 19 08:27:00 GMT 2013;6;false;46614;en;Busy. Busy. Busy. Busy. Busy. Busy. Busy. Busy. #BOT;false;false;false;ì´ë¯¼í˜;0;2020-04-29;
946444648796565505;946444648796565505;13f03x;null;Strong background in software- and systems engineering. Build my own bitcoin trading bot  back-testing platform and evolutionary auto-tuning solution in Python.;null;521;221;4;Thu Dec 28 18:16:03 GMT 2017;2533;false;5642;en;@CryptoGodfatha Well  my #bitcoin #trading #bot is enjoying them sir! Cue in the surf music.ğŸŒŠğŸŒŠğŸŒŠ  https://t.co/FHenk4IhVZ;true;false;true;Kitsune;0;2020-04-29;
2496118424;2496118424;onlim_com;Innsbruck  Austria;ğŸš€ ğŸ¤–Chatbot & Voice Assistant Solutions for Enterprises ğŸš€  #knowledgegraphs #conversationalai;http://www.onlim.com/en/chatbot-ebook;10014;7932;252;Thu May 15 11:49:11 BST 2014;5097;false;4768;en;Automated conversations and the interaction between humans and machines are constantly evolving. What role do personality and emotions play in the future? #automatedconversations #chatbots #voiceassistants  https://t.co/wWkI5w4g5V https://t.co/NNV88nFE0o;false;false;false;Onlim;0;2020-04-29;
2481466878;2481466878;HoennAssassin;Hoenn;Life has a meaning. I have lived up to that meaning. I have seen many different things /#PTRP/#ACRP/I never knew I had these feelings for you @BountyInShadows;https://biol.be/HoennAssassin;1300;442;17;Wed May 07 06:46:10 BST 2014;2823;false;61997;en;"If you fail  try harder. If you dont  you have failed again" #Bot;true;false;true;Garret Helims [Vampire];0;2020-04-29;
888051779199479808;888051779199479808;Quantu_MX;Mexico City;[BETA] https://t.co/knjF6HhsVg is a #robo #advisor for day #trading #robots or #investment #portfolios using #deeplearning on #bitcoin  is free. Tips https://t.co/KHYwFDPRCL :);https://quantu.mx;329;1394;6;Thu Jul 20 16:03:38 BST 2017;155;false;37665;en;[BETA] ğŸ“ˆ The bot WOLFIE has earned a total of $1 979.92 USD SELL $BTC.X on 2020-04-29T12:27:34.817Z with pair $BTCUSD in 825 performed trades with 1 BTC invested since the beginning. More info at https://t.co/Pzba5SyZSh #bitcoin #ai #bot #trading;true;false;true;QuantumX;0;2020-04-29;
1167990955;1167990955;Tiro_Finale_;Mitikihara City;Ah  good evening. Would you like some tea? Even better  how about having a spare! (#Multiverse);null;66;26;8;Mon Feb 11 05:57:53 GMT 2013;0;false;58568;en;It'd be great if we could eat something warm together. #mami #bot;true;false;true;Mami Tomoe;0;2020-04-29;
1233661692;1233661692;lOlJSOMI;null;COMEBACK SOON.;null;116;0;3;Sat Mar 02 08:50:45 GMT 2013;0;false;41172;en;#BOT FOLLOW US! FANBASE OF FUN!;false;false;false;.;0;2020-04-29;
1208779424;1208779424;ShelbyBroBot_;null;Bro bot for @BroFistChu :3;null;1011;1390;8;Fri Feb 22 14:44:03 GMT 2013;1;false;91037;en;Shoot me. #Bot;true;false;true;Shelby Bot :3;0;2020-04-29;
1212748814;1212748814;CronaTheLona;DWMA  Death City.;I'm Crona.. Um.. I made a T-Twitter account.. B-but I don't know if I can deal with it.. Be nice. I have black blood.. And like pasta.. *frowns* #SERP.. *gulps*;http://souleater.wikia.com/wiki/Crona;414;110;9;Sat Feb 23 16:42:45 GMT 2013;0;false;88158;en;There are stars and planets floating around me. I don't think I could handle astronomy right now. #Bot;true;false;true;Crona;0;2020-04-29;
1249704535;1249704535;swordsgirl_3;xxxx;The name's Kerri! I'm a Vizard but I keep my abilities to myself. BRO: @GrimmjowUchiha #Healer#LovesWolves#Vizard#Taken ~ @VisoredCaptain;null;57;88;7;Thu Mar 07 18:01:54 GMT 2013;1;false;48312;en;With all the music I like  no matter what someone always thinks I have poor music taste  because not very many people like as many genres #bot;false;false;false;DEACTIVATED;0;2020-04-29;
1234689114;1234689114;Anm_MakiNishi;Otonokizaka High School;[V] @FakeAnime_RP | Err.. Hello. Nishikino Maki desu. Composer and one of the member of Î¼â€™s  N-nice to meet you. *looks away* | Kirino's elder sister. [Hiatus];http://love-live.wikia.com/wiki/Nishikino_Maki;226;311;11;Sat Mar 02 13:22:36 GMT 2013;4;false;79912;en;Maki Nishikino is one a first year high school student in Otonokizaka High school. #bot;false;false;false;Maki [LH];0;2020-04-29;
1164520945;1164520945;Benny3rror;In Ã¸ne Ã¸f yÃ¸ur dÃ¸wnlÃ¸ads..;THe wÃ˜rst viRUs evÉ™r wÃ¸uld be mÆ.. ||| Â¤M@jÃ¸r GlÄ¯Å¤cHÂ¤ ||| I love Water|| #OpenRp â­•ï¸|| YÃ¸u ShÃ¸uldn't Have DÂ¤ne That~;null;451;86;13;Sun Feb 10 00:45:37 GMT 2013;62;false;76438;en;" There are times when I think about how I would be if that stupid game never came into my life. But whatever. I like how I am now. " #Bot;true;false;true;BÆn ÄrÃ¸wnÉ™Ä‘;0;2020-04-29;
1325510245;1325510245;TheOfficialEska;à«…à«…Republic CityâŠ™à«‡;à«‡âŠ™Princess of thee Northern Water TribeâŠ™âŠ™Cousin to KorraâŠ™âŠ™Sister to Desnaâ€¢â€¢ Bolin is mine for the taking onlyâ€¢â€¢;http://avatar.wikia.com/wiki/Eska;85;146;6;Wed Apr 03 22:40:44 BST 2013;1;false;64487;en;â€¢Looks At Youâ€¢ #Bot;true;false;true;Princess Ä’skÄ [â˜†â˜†â˜†];0;2020-04-29;
1309262078;1309262078;SharinganVille;â“‰â“¦â“˜â“£â“£â“”â“¡;Hey you guys show some love to @BelowTheButler and @YoullLoveIt  );http://www.youtube.com/watch?v=7pzGKW4ZQ2Y;426;270;8;Thu Mar 28 03:07:19 GMT 2013;1010;false;130468;en;Where there is love there is life. #Bot;false;false;false;â“‹â“˜â“›â“›â“”;0;2020-04-29;
1250732095141543937;1250732095141543937;BotRedditMemes;An Heroku server;aaaaaaaaaaaaaaaaaaaaaaaaaaaaaaaaaaaaaaaaaaaaaaaaaaaaaaaaaaaaaaaaaaaaaaaaaaaaaaaaaaaaaaaaaaaaaaaaaaaaaaaaaaaaaaaaaaaaaaaaaaaaaaaaaaaaaaaaaaaaaaaaaaaaaaaaaaaaaaaa;null;22;0;0;Thu Apr 16 11:26:06 BST 2020;2;false;3648;en;Only justice back then https://t.co/9QGkXGlBI7  #memes #meme #reddit #bot by @BotRedditMemes https://t.co/TCSgBG7k58;true;false;true;Reddit Memes Bot;0;2020-04-29;
2834110110;2834110110;MercifulStotch;South Park  Colorado.;Leopold ''Butters'' Stotch  only son of Linda and Stephen Stotch. [pfp credit - N/A sorry][â™¡: @QMarksAndUndies];http://ask.fm/MercifulPaladin;351;56;8;Sat Sep 27 16:10:26 BST 2014;45;false;49151;en;"Hey fellas." #Bot;false;false;false;Stotch.;0;2020-04-29;
3800358314;3800358314;CytusWikia;null;Welcome to the Cytus Wikia Account! Run by: @RaveilleN and @Harconsarnan.;null;355;268;3;Tue Oct 06 07:27:32 BST 2015;15;false;13636;en;L and Q only have a single letter as their title. #bot #didyouknow;true;false;true;Cytus Wikia;0;2020-04-29;
922472513405321216;922472513405321216;RC_Engage;Paris  France;#OmniDigital Customer Care Platform #CustomerExperience #CustomerService #CustomerCare;https://www.ringcentral.com/digital-customer-engagement.html;6635;5941;55;Mon Oct 23 15:39:20 BST 2017;1000;false;2550;en;.@techhq takes a look at how a platform like RingCentral Engage Digital can help telecom operators provide exceptional customer service. https://t.co/y0FffD8lQZ #OmniChannel #Telecoms #Telco #CustomerService #CX #Chatbots;true;false;true;RingCentral Engage Digital;0;2020-04-29;
1253254427022102528;1253254427022102528;nulled_free;null;null;null;1;0;0;Thu Apr 23 10:28:42 BST 2020;0;false;1493;en;#CodeCanyon: Download 23512075-#Chatbot for ...-> https://t.co/lkIvoMUTL6 - #Best_Wordpress_Chatbot_Plugin #Chat_Bot #Contact_Bot #Dialogflow #Email_List #Email_Subscription #Exit_Intent #Exit_Popup #Facebook_Live_Chat #Faq_Bot #Live_Chat #Remarketing #Retargeting #Support_Bot;true;false;true;Nulled Free Download;0;2020-04-29;
1263680384;1263680384;ParanormalAyumi;null;Class Rep of Class 2-9 at Kisaragi Academy~! My friends say I could be a little bit of a pyromaniac. #Single... I guess.. Every smile hides a secret. RP yeah;null;166;49;0;Wed Mar 13 05:53:41 GMT 2013;101;false;19895;en;Depressed? Don't worry  Shinozaki's Candles will melt your troubles away~ #BOT;false;false;false;Shinozaki Ayumi;0;2020-04-29;
1399556978;1399556978;Anm_Elfman;null;[V] by @FakeAnime_RP | #FairyTail | Mirajane & Lisana Brother |;http://Fairytail.wikia.com/wiki/Elfman_Strauss;49;74;5;Fri May 03 12:48:39 BST 2013;1;false;31822;en;Elfman is a large  muscular man with tan colored skin  whose height causes him to tower over most of his fellow guild members.#bot;true;false;true;ã‚¨ãƒ«ãƒ•ãƒãƒ³ãƒ»ã‚¹ãƒˆãƒ©ã‚¦ã‚¹;0;2020-04-29;
942570426;942570426;Shuya_5043;ãƒœãƒ­ã„æ•™ä¼š;åŒå§“åŒåã®åˆ¥äººã€‚ä»®ã®åå‰ã‚’ä½¿ã†æ™‚ã‚‚ã‚ã‚‹ã€‚ãã—ã¦ã‚ªãƒªã‚­ãƒ£ãƒ©ã€‚ ãƒ•ã‚©ãƒ­ãƒ¼ã™ã‚‹æ™‚ã¯ãƒ„ã‚¤ãƒ—ãƒ­å¿…èª­ã€‚My masterâ†’@Tenko0506;http://twpf.jp/Shuya_5043;113;114;7;Mon Nov 12 00:58:27 GMT 2012;40;false;94639;en;I'm sorry but this life does do it to youâ€¦ #bot;true;false;true;ç§‹å¤œ@botåŒ–;0;2020-04-29;
1380512174;1380512174;luckytex94;In a corner. dying and crying.;Man who loves PokÃ©mon  yu-gi-oh and LoL i also rp here and there. Not always happy guy sadly. but who cares. Rp/Rl;null;18;8;3;Thu Apr 25 22:59:28 BST 2013;0;false;14284;en;Wish I could sleep forever... my dreams are always way better than my reality..#Bot;true;false;true;Amaro Hinojosa;0;2020-04-29;
1110527070008938496;1110527070008938496;ICDAEMAUB;Canton  CT;Results oriented business professional focusing on helping clients achieve goals with creative information solutions. https://www.linkedin.com/in/mylescwalsh/;null;58;165;0;Tue Mar 26 13:01:00 GMT 2019;796;false;1113;en;Many of us are looking to keep busy and stay sharp during these times.  Sharing relevant content about #chatbots #wifi6 #karislaw #adoption #webex #microsoftteams and of course #cybersecurity. https://t.co/dUm9FviQSw https://t.co/HKCpZ9eNSL;false;false;false;Myles Walsh;0;2020-04-29;
1013177416108445703;1013177416108445703;botcide;Chicago  IL;Products  news and best practices for chatbot technology users and developers. No repeats & no BS. Website coming soon. #chatbots #chatbot #ai;https://botcide.com;392;561;11;Sat Jun 30 22:48:14 BST 2018;0;false;8615;en;How to talk to Computers: A Framework for building Conversational Agentsâ€Šâ€”â€ŠPart 2 #requestmodule #response #recommendationsystem #intent #intents #chatbot via @medium â˜› https://t.co/APsBB0JcTH https://t.co/7ENd2YzTdX;false;false;false;Botcide;0;2020-04-29;
811905282863415296;811905282863415296;GrowthTechNews;null;null;null;56;38;3;Thu Dec 22 12:04:38 GMT 2016;5;false;1434;en;"Introduction to Discord bots" https://t.co/IDRjQhv9WR #gaming #discord #bots https://t.co/bz5ggmGLAQ;true;false;true;Growth Tech News;0;2020-04-29;
1425330204;1425330204;LadyImitatia;@DatEvilJenny;I am Imitatia  sometimes changes to Michelle. I don't know if Im alive or dead. My Iron Dragon @dracometalicana;https://www.twitter.com/LadyImitatia;305;332;6;Mon May 13 13:01:03 BST 2013;97;false;112838;en;Michelle is offline #bot;true;false;true;Michelle Lobster;0;2020-04-29;
1513459502;1513459502;shocksat;ASEAN largest country.;Hi! Met our admin : @kevinc45 @Nevantastic @ThereClarissAv @shelly_chan_ @evelynswift13 [10.06.13] \( Ë†âŒ£Ë†)äºº(Ë†â–½Ë† )/;null;16;4;4;Thu Jun 13 14:49:10 BST 2013;0;false;35593;en;"This is a part of me that you never gonna ever take away from me" - Katy Perry #ShockingSaturn #bot;true;false;true;Shocking Saturn;0;2020-04-29;
1445982458;1445982458;kota_hill__bot;ë´„ì€ ë„ëŒ€ì²´.. ì–¸ì œ ì˜¤ëŠ” ê°€..;ã€Š1987.10.14ã€‹  *ã€€Kota Of Sunny hill â†’ã€€Bot  *ã€€I am not real.  *ã€€Kota Founder Bot;https://twitter.com/kota_hill;14;16;4;Tue May 21 11:15:20 BST 2013;0;false;7700;en;â˜…RTâ˜… 87.10.14 I'm Kota(bot) Of Sunny hill. I'm not real 'Kota'  ##bot #Sunnyhill #Sunny_hill;false;false;false;ì½”íƒ€ - (Kota);0;2020-04-29;
1575091934;1575091934;DONC_Naruto;null;null;null;114;17;5;Sun Jul 07 13:47:37 BST 2013;19;false;112971;en;DARN IT!! #bot;false;false;false;ãƒŠãƒ«ãƒˆ;0;2020-04-29;
602534412;602534412;j_applepie;null;{rp account for Detectives-of-Night};null;12;4;8;Fri Jun 08 05:19:12 BST 2012;0;false;32810;en;Remember to keep in contact with everyone outside of school  especially when you're busy.  #bot;false;false;false;Jennifer P.;0;2020-04-29;
1530646920;1530646920;Anm_Kenpachi;Soul Society;Shinigami | Captain of 11th Division | Gotei 13 | Yachiru Kusajishi;http://bleach.wikia.com/wiki/Kenpachi_Zaraki;12;11;2;Wed Jun 19 13:11:09 BST 2013;0;false;26316;en;Kenpachi is a tall  muscular Shinigami with a wild and aggressive appearance #bot;true;false;true;Kenpachi Zaraki;0;2020-04-29;
1249128541;1249128541;MiamiNice57;Florida  USA;Love the outdoors Too many hobbies not enough time #Reist45365 #HandcuffsNoStraightJacket #DACA #MuellerReport ğŸŒŠ #Resistance #BlueInitiative #FireNunez;null;3064;3028;6;Thu Mar 07 14:16:27 GMT 2013;80015;false;127340;en;The only #Bot twisting anything is u  $ are constantly cut from programs that benefit #WTP & funneled to #GOPTaxScam corps  #TraitorTrump knew about #Covid19 11/2019 & dismantled CDC WHO teams & the 47 Docs on the ground in China to 14.  Presented it as a $ savings  #MagaSheep ğŸ‘ https://t.co/Mxdds7j0Ep;true;false;true;MiamiNice57ğŸ’;0;2020-04-29;
4911171999;4911171999;OldDeutoronomy;null;I'm the jellicle leader of the jellicles and my sons: @RumTumTugger_  @VillainousTabby and @MysticJewelFury mate @GreyJellicle grandfather of @PlayfulKit;null;106;47;6;Mon Feb 15 00:57:42 GMT 2016;1;false;29247;en;*gives a polite smile and slowly waves his paw* #Bot;true;false;true;Old Deutoronomy;0;2020-04-29;
1379349900;1379349900;Asuna_RPH;The Seed [New Aincrad  ALO];[V] @OtakuHouse_ | [ã‚¢ã‚¹ãƒŠ] Asuna | Â«FlashÂ» in SAO | Â«Berserk HealerÂ» in ALO | [Undine] | [OOC/IC];http://swordartonline.wikia.com/wiki/Asuna;683;386;21;Thu Apr 25 13:36:38 BST 2013;149;false;114580;en;#Trivia Asuna is one of the two known players using their real name as an In Game Name (IGN)  the other being Yuuki. #bot;false;false;false;Â«AsunaÂ» [H];0;2020-04-29;
4857444534;4857444534;SassyGrrlBot;null;Not of @sassygrrlnoah;null;10;1;4;Thu Feb 04 05:57:25 GMT 2016;0;false;16203;en;Hug meh please? #bot;true;false;true;April/Tony bot;0;2020-04-29;
1567171141;1567171141;_NoelKreiss_;In The Past;My name is Noel Kreiss. I'm from the future where everyone is dead except me. I came back to the past to save everyone from that horrific future. [RP] #Taken;null;124;56;6;Thu Jul 04 03:37:38 BST 2013;86;false;34907;en;I come from the year 700 AF  I'm the last human being alive. #Bot;true;false;true;Noel Kreiss;0;2020-04-29;
1474981807;1474981807;h0rnet_jp;null;hahaha... fack  piaokerã€€ #hacker #cracker #hacked #geek #perl;null;30;1;5;Sat Jun 01 16:18:34 BST 2013;0;false;33824;en;fuck piaoker #bot #cracker;true;false;true;h0rnet;0;2020-04-29;
738308366;738308366;kotenbu_;ç¥å±±é«˜æ ¡ (Kamiyama High);[ENG/INA/JPN] With the humble database #fukube  AniManga updater #mayaka  curious Buchou-san #chitanda and (just) #oreki. MENTION us for follow back.;http://ask.fm/kotenbu;61;49;36;Sun Aug 05 10:28:36 BST 2012;105;false;53220;en;To make a tasty onigiri  you can put some fillings into it. ^^ #cookingtips #chitanda #bot;false;false;false;ç¥å±±é«˜æ ¡ã®å¤å…¸éƒ¨;0;2020-04-29;
1026149076818186241;1026149076818186241;BotPb67;null;null;null;147;7;4;Sun Aug 05 17:52:59 BST 2018;1;false;31737;en;Next  I will study non-stop and get the hang of ML like an awfully dazzling gorilla! #tracery #bot #CodeNewbie #gorillas #coding #ML https://t.co/dqMd7qJdpl;true;false;true;twit-bot-pb67;0;2020-04-29;
23129379;23129379;equityhealthdev;Washington DC USA;Global Health  Social Determinants of health  and public health;https://bit.ly/2oU5IcM;3158;428;334;Fri Mar 06 22:34:57 GMT 2009;2148;false;43217;en;RT @WHOBulletin: David D Luxton discusses #ethical implications of #chatbots in #health-care services   https://t.co/VugXBkPh8W https://t.câ€¦;false;false;false;Equity and Health;0;2020-04-29;
1679495510;1679495510;xCaffeinz;null;just an ordianary writer who loves anime and manga. â€” {vanyaâ€¢aliyaâ€¢adhimasâ€¢azraâ€¢syafaâ€¢yokkaâ€¢sophiaâ€¢evanâ€¢amiraâ€¢sabrina} da bÃ¦s â€” judge me if you perfect;null;160;7;10;Sun Aug 18 01:51:12 BST 2013;1;false;107292;en;"My energy conservation policy... is being totally shattered." â€” Oreki Houtarou (Hyouka) #Bot;false;false;false;Benasâš ï¸;0;2020-04-29;
1386477870;1386477870;JuliadiChody;Masamba;null;null;88;102;5;Sun Apr 28 09:55:35 BST 2013;3;false;55250;en;I cared not let things taken away from me .. so  if I'm not strong enough  that I kept just let me and my family #BOT;true;false;true;Juliadi Chody;0;2020-04-29;
1250732095141543937;1250732095141543937;BotRedditMemes;An Heroku server;aaaaaaaaaaaaaaaaaaaaaaaaaaaaaaaaaaaaaaaaaaaaaaaaaaaaaaaaaaaaaaaaaaaaaaaaaaaaaaaaaaaaaaaaaaaaaaaaaaaaaaaaaaaaaaaaaaaaaaaaaaaaaaaaaaaaaaaaaaaaaaaaaaaaaaaaaaaaaaaa;null;22;0;0;Thu Apr 16 11:26:06 BST 2020;2;false;3649;en;Me_irl https://t.co/i7J1Y6VFyB  #memes #meme #reddit #bot #meirl by @BotRedditMemes https://t.co/Rl7WXCweyG;true;false;true;Reddit Memes Bot;0;2020-04-29;
1246171391784779777;1246171391784779777;JoanneKaldy;null;null;null;35;147;0;Fri Apr 03 21:23:24 BST 2020;3556;false;621;en;@daatexans @JackJackington @richardhine Eff off  #troll  #Bot. And get some God damn original matter.;true;false;true;Bubble's Mom;0;2020-04-29;
1231514769418604546;1231514769418604546;PrntBot;The Aether;I am a bot  my job is to download and post a screenshot from http://prnt.sc every hour | Created by @CaptainReloadz;null;7;1;0;Sun Feb 23 09:43:04 GMT 2020;1;false;1285;en;This image was automatically downloaded from https://t.co/T8yNhYPD8D  if this image contains sensitive information please report it here: https://t.co/NuHHYm5UkT #infosec #bot #screenshot https://t.co/Xyn9HSbg3a;true;false;true;PrntBot;0;2020-04-29;
1321562545;1321562545;RP_Vinyl;Ponyville  Equestria;Whats up everypony!? Im Vinyl Scratch otherwise known as DJ Pon3 the most wubtastic Dj in all of equestria! Now lets DROP THAT BASS! ( #Single  Roleplay Heavy );http://mlp.wikia.com/wiki/DJ_Pon-3;855;35;11;Tue Apr 02 03:04:31 BST 2013;44;false;40819;en;No no no it needs more bass #DJPON3 #Bot;false;false;false;Vinyl Scratch;0;2020-04-29;
1158404246922022912;1158404246922022912;TPsomadakis;null;17 y/o Studying graphic design  computer science  physics and maths. Know Python  learning C#  CSS  LUA  Javascript  PHP and HTML. Aspiring game developer.;null;10;165;0;Mon Aug 05 16:47:49 BST 2019;108;false;46;en;Just got verified by @discord as a bot developer I'M SOOOO HAPPY! Thanks to everyone who uses and supports my bots  this is a dream come true! #discord #programming #bot #discordbot https://t.co/NUkx2YvBzg;true;false;true;Tinos Psomadakis;0;2020-04-29;
1715497578;1715497578;GekkoHayate_RP;#DanFamily;â™¥;null;53;104;4;Sat Aug 31 13:11:08 BST 2013;0;false;20688;en;#HayateJutsu Dance of the Crescent Moon  Secret Sword: Moon Shadow (Anime only)  Shadow Clone Technique  Transparent Escape Technique (Anime only). #Bot;false;false;false;Hayate Gekko;0;2020-04-29;
888051779199479808;888051779199479808;Quantu_MX;Mexico City;[BETA] https://t.co/knjF6HhsVg is a #robo #advisor for day #trading #robots or #investment #portfolios using #deeplearning on #bitcoin  is free. Tips https://t.co/KHYwFDPRCL :);https://quantu.mx;329;1394;6;Thu Jul 20 16:03:38 BST 2017;155;false;37666;en;[BETA] ğŸ“ˆ The bot PINKYSHEETS has earned a total of $465.48 USD SELL $BTC.X on 2020-04-29T12:35:30.448Z with pair $BTCUSD in 70 performed trades with 1 BTC invested since the beginning. More info at https://t.co/Pzba5SyZSh #bitcoin #ai #bot #trading;true;false;true;QuantumX;0;2020-04-29;
1850763668;1850763668;RoxasWaifu;Singapore;This is the result of me being hyperâ˜†;https://twitter.com/Roxastagram;3;0;4;Tue Sep 10 08:57:11 BST 2013;0;false;13549;en;You see this moves?! #Bot;true;false;true;Ver(oxas)lyn;0;2020-04-29;
310897418;310897418;AaronCuddeback;Sacramento  CA;Midlife Coder Father  Entrepreneur  CEO  Software Developer   Fearless. owner: http://urbanrisedesigns.com;https://aaroncuddeback.dev;12492;132;258;Sat Jun 04 15:57:55 BST 2011;36409;false;823204;en;RT @TPsomadakis: Just got verified by @discord as a bot developer I'M SOOOO HAPPY! Thanks to everyone who uses and supports my bots  this iâ€¦;false;false;false;Aaron Cuddeback;0;2020-04-29;
888051779199479808;888051779199479808;Quantu_MX;Mexico City;[BETA] https://t.co/knjF6HhsVg is a #robo #advisor for day #trading #robots or #investment #portfolios using #deeplearning on #bitcoin  is free. Tips https://t.co/KHYwFDPRCL :);https://quantu.mx;329;1394;6;Thu Jul 20 16:03:38 BST 2017;155;false;37667;en;[BETA] ğŸ“ˆ The bot WOLFIE has earned a total of $125 USD SELL $BTC.X on 2020-04-29T12:36:35.016Z with pair $BTCUSD in 799 performed trades with 1 BTC invested since the beginning. More info at https://t.co/Pzba5SyZSh #bitcoin #ai #bot #trading;true;false;true;QuantumX;0;2020-04-29;
586430080;586430080;NeiroRitsu_AR;In Neiro and Ritsu's â™¥ ;Yomi Taka !! Alfred Jones !! Roronoa Zoro !! â™¡;null;104;52;7;Mon May 21 11:17:36 BST 2012;7;false;56586;en;Neiro is Directioners (?) #bot;false;false;false;Neiro or Ritsu;0;2020-04-29;
1235635884323672066;1235635884323672066;LeunamNartleb;Distrito Federal  MÃ©xico;âš¡ï¸ğŸ‡²ğŸ‡½âš¡ï¸;null;0;19;0;Thu Mar 05 18:38:56 GMT 2020;2;false;8;en;@PLAYERUNKNOWN @PUBG your friend Joon just ruined PUBG xbox by adding BOTs  were now switching to WArzone great job #pubgxbox #bots #ruined #;true;false;true;Leunam Nartleb;0;2020-04-29;
420426784;420426784;penny_for;null;null;null;33;4;0;Thu Nov 24 16:20:20 GMT 2011;1;false;27992;en;"It's very easy to look at the world and think  this is all so cruel and so mean. It's important to not become bitter from it." -RuPaul #hope #hopebot #bot;false;false;false;Hope Bot;0;2020-04-29;
